commit_id,date,message
ca17dbd109859243bbf55f84f086999603bfd07c,2003-10-27 06:06:06+00:00,Fixed bug #804956
dfab7e40f4fb80eb5c746d4870fe08812979e000,2003-10-27 06:06:06+00:00,Fixed bug #804956
0e036edf9001e18055ae6cc1c31b906e1b1ac1b2,2004-04-21 11:57:00+00:00,Solved bug #939253
cc88a4a6b162f10af320cb7c96196119710527e8,2004-04-21 11:57:00+00:00,Solved bug #939253
1c1c7d103f9cfeff6928cd868bac88a3edc0eecf,2004-04-21 13:31:44+00:00,"Solved bug #939253:
Added an acquireUpLock and releaseUpLock (same for down) as public methods.
MessageDispatcher.stop() acquires lock, start() releases it."
de11e563cde19970f8491cbb8d689fbc8fd53f0f,2004-04-21 13:31:44+00:00,"Solved bug #939253:
Added an acquireUpLock and releaseUpLock (same for down) as public methods.
MessageDispatcher.stop() acquires lock, start() releases it."
075d5da62a76c103fd5a6349db8f624913cccd47,2004-04-22 23:49:28+00:00,fixed SourceForge bug# 938584
c272d37ed576f91ea843dc7a3d2def4cf8d013bf,2004-04-22 23:49:28+00:00,fixed SourceForge bug# 938584
c400211df0cda7b64792c956c21283885a7af55e,2004-04-28 18:31:55+00:00,fixed #943881
1d17dd0c9322a40d8b8da5abdf429e0e84b351e8,2004-04-28 18:31:55+00:00,fixed #943881
6053c7a0220a2c4e075bb1a42076df2da0024db1,2004-04-28 19:56:57+00:00,"fixed bug #938584, added sending down suspend and resume events in case of state transfer"
3dbf2221432e58f7e5f2cbbc8d9711ec4787fa46,2004-04-28 19:56:57+00:00,"fixed bug #938584, added sending down suspend and resume events in case of state transfer"
9b133caccdd70cd06c1674ee2a42e75071fdc287,2004-04-29 13:46:24+00:00,Fixed bug #939253.
146a9f744cbe901c4fe56f6ceb2100ee15e7e898,2004-04-29 13:46:24+00:00,Fixed bug #939253.
767a668bd5f8e22fa7ba16d1d377bf033f98343d,2004-05-02 08:24:30+00:00,"Fixed bugs #939253, 929709"
0d07dab9f283719133e100d9652a52a121e1368c,2004-05-02 08:24:30+00:00,"Fixed bugs #939253, 929709"
f3170a9f377973910fb6be8fab1ad87baca6a61c,2004-05-05 13:45:12+00:00,handle null header #948283
912010be9a03a112cf2d840acfb7fec97770b45a,2004-05-05 13:45:12+00:00,handle null header #948283
250bb82cc3c0204451f0b30402b63f2412f9fdee,2004-06-04 21:21:20+00:00,Applied patch #962200 (contributed by Peter Van Der Winkel)
df1b978cba3fa92d629307d96f6a82cf2232d72a,2004-06-04 21:21:20+00:00,Applied patch #962200 (contributed by Peter Van Der Winkel)
886f9a8c6ddb4d5cd84fa55d59ebc99907c35115,2004-07-28 22:51:31+00:00,Fixed bug# 998920
1bd159bb5d7d3b87054612afddf93098a12e6a3b,2004-07-28 22:51:31+00:00,Fixed bug# 998920
3d63bd3f90d583fe91833b997a627e60ac8dd206,2007-04-19 14:08:04+00:00,"identical semantics for MuxChannel#(open|close|connected|getView) as for JChannel
ChannelTest is passing in mux-udp mode now"
d5056692ac83a7f7fd1fde1b5d4b9f7c6afa0f00,2007-04-19 14:08:04+00:00,"identical semantics for MuxChannel#(open|close|connected|getView) as for JChannel
ChannelTest is passing in mux-udp mode now"
c74083a4763684911887e1e5537f2cdd7affecd3,2007-06-26 17:38:26+00:00,fix for CloseTest(mux-udp)#testCreationAndCloseLoop
5645321d68c8fad4d821b52f36ebbce5321f5e4f,2007-06-26 17:38:26+00:00,fix for CloseTest(mux-udp)#testCreationAndCloseLoop
a19cdcd2e0427596aa4da5aeb4571bf78219f19a,2007-07-12 18:45:08+00:00,"[JGRP-557] - MuxChannel should not receive views after it disconnects
added unit test - ChannelTest#testNoViewReceivedAfterDisconnect"
0a4a8dcfd27168ab3e842e2ffae6426a4a5f3dc9,2007-07-12 18:45:08+00:00,"[JGRP-557] - MuxChannel should not receive views after it disconnects
added unit test - ChannelTest#testNoViewReceivedAfterDisconnect"
a79c63fb79ebae6f42492717294a0ed93ec2d313,2007-10-01 11:48:59+00:00,added Channel#getInfo()
074508db7bd691b2d79ade7d6f026ce5ec7d4728,2007-10-01 11:48:59+00:00,added Channel#getInfo()
fa2516a4ebbfdf20a1f6c1eb80c4674dc959cf17,2007-11-12 09:07:22+00:00,removed test #2
254e49ce099cdb193ef14a6149bb3c8416e40d80,2007-11-12 09:07:22+00:00,removed test #2
cc304cb99e72ebea2f19a251028a38a8702af08d,2008-01-25 02:45:30+00:00,[JGRP-674] - ChannelFactory#createMultiplexerChannel bundled state transfer is not symmetric
33df42d692a5e1b46e7966c796ede7acb57b27d8,2008-01-25 02:45:30+00:00,[JGRP-674] - ChannelFactory#createMultiplexerChannel bundled state transfer is not symmetric
1b67ef9fa72c86cf97c266bacfe28e35543993cf,2008-01-30 05:18:38+00:00,"[JGRP-655] - Channel#connect should stop stack in case it failed
Simplification around flush promise switching"
ca14fa6dd99fac922bc9e5506986485b74d1076f,2008-01-30 05:18:38+00:00,"[JGRP-655] - Channel#connect should stop stack in case it failed
Simplification around flush promise switching"
c2dabd2537d0f1b65a5f9abc9fe8b4c188f1cee8,2008-02-08 06:22:24+00:00,[JGRP-686] - Inconsistent Channel#getState return semantics between byte and streaming state transfer
3e25515c3d805b9fd0f4bcacb997552f36b3b1f9,2008-02-08 06:22:24+00:00,[JGRP-686] - Inconsistent Channel#getState return semantics between byte and streaming state transfer
fe856247cd46a57f6e0714e77ca3d7832c1c5423,2008-05-11 14:16:32+00:00,"introduce TP#getSingletonName
simplify sanity check code
SharedTransportTest now passes"
71e0dc7a6a813ba0e5fe377b3762fcda4a8a9bf3,2008-05-11 14:16:32+00:00,"introduce TP#getSingletonName
simplify sanity check code
SharedTransportTest now passes"
e98e2134e555af80c242a0a73509fbc789ebd68d,2009-04-29 05:10:38+00:00,new scenario #6
78413f5361dbc73b822e2a1d6f0b51cc586fa93a,2009-04-29 05:10:38+00:00,new scenario #6
39600ddf5ff1a78a0155d1d8e3a8a55519135b16,2009-10-01 15:51:05+00:00,"[JGRP-902] - GossipRouter: raise SUSPECT event when GR detects (abnormal) loss of a connection from client
test case is TUNNEL_TEST#testFailureDetection"
8b02810a310110b5b63c0daa2e6ea626cb54d6f7,2009-10-01 15:51:05+00:00,"[JGRP-902] - GossipRouter: raise SUSPECT event when GR detects (abnormal) loss of a connection from client
test case is TUNNEL_TEST#testFailureDetection"
7beb109c7870747e183f734ebab4df68f1048d43,2009-10-14 15:44:00+00:00,"proper crashed flush coordinator testing
see FLUSH#testFlushWithCrashedFlushCoordinator"
5d56b01afdb9ae616864de9ffb4b1fbf0cb86917,2009-10-14 15:44:00+00:00,"proper crashed flush coordinator testing
see FLUSH#testFlushWithCrashedFlushCoordinator"
f8a743b64dd823ea2029aa61b173866c6a1915e7,2011-05-22 19:24:28-07:00,"Merge pull request #16 from nickmbailey/master

Improvements to StompConnection"
dad87474e7d2200506d9e01f9b3640f06566d87f,2011-06-01 06:46:18-07:00,"Merge pull request #17 from nickmbailey/master

Make reconnecting feature optional."
c1c1251f5c52164e4b2a470272a755cf29775e8e,2011-06-21 14:46:47-04:00,JGRP-1007 - Flush: change signature of JChannel#startFlush
e9f4ecb81044bb2836160a15223830e02a56799a,2011-06-23 08:37:16-07:00,"Merge pull request #18 from belaban/t_jgrp_1007

JGRP-1007 - Flush: change signature of JChannel#startFlush"
87adf9ee35deb23cfba6d8a063aaa445858970b6,2012-01-28 01:21:48-08:00,"Merge pull request #25 from danberindei/t_maven_build

Fix the Maven build."
dfc3aa34c2dc828362a76176aa9727e249acb7e1,2012-02-19 08:51:47-08:00,"Merge pull request #27 from dimbleby/master

Couple of minor fixes"
8dbafc8e817cd1b4d8b073c16c68066bc00609de,2012-03-12 11:49:05-07:00,"Merge pull request #31 from maniksurtani/t_tweaks_master

Remove unnecessary method overriding"
67a008403438c76e917aee9a76ee428e8b9e88c3,2012-03-26 09:04:39-07:00,"Merge pull request #34 from pruivo/toa_tmp

The sender sends the message to itself if NO_TOTAL_ORDER flag is enabed"
9d1d01739e4d6a46a682d962196b8230302b9328,2012-04-01 22:50:14-07:00,"Merge pull request #35 from Sanne/JGRP-1440

JGRP-1440 JDBC_PING java.sql.SQLException: ORA-00001: unique constraint ..."
dba92c9104b5cac951afe00cc64c12c11534f383,2012-04-13 08:55:26-07:00,"Merge pull request #36 from vblagoje/t_1426_m

JGRP-1426 Group unable to accept new members: FLUSH gets stuck"
2f31700bc42bfcf43bc8bcef82917a92e730f352,2012-05-05 05:51:55-07:00,"Merge pull request #43 from dimbleby/trivia

Fix toString() for VERIFY_SUSPECT$Entry"
dc1486971b558f330411715467c6d800fea24d88,2012-05-09 02:15:15-07:00,"Merge pull request #41 from dimbleby/JGRP-1458

JGRP-1458 SEQUENCER delivers the same message twice"
025e5ccd5efea7a16dc30916f8ee24dfbfe04a0d,2012-05-10 00:00:29-07:00,"Merge pull request #44 from dimbleby/JGRP-1461

JGRP-1461"
b0b90f2939625328904b31874c054b084d5e4797,2012-05-14 07:13:07-07:00,"Merge pull request #46 from dimbleby/JGRP-1463

JGRP-1463: Avoid ArrayIndexOutOfBoundsException"
88e32282449906b7b2e69a801f2423a7b0219faa,2012-05-29 02:09:54-07:00,"Merge pull request #47 from dimbleby/trivia

Send upwards message to the upwards protocol"
7ab16844a8eb98a411ac5549a7ab7d131285df8c,2012-05-31 22:59:21-07:00,"Merge pull request #48 from pruivo/fix_1

bugfix when the address list in TOA is a single member"
528a06c52bea7d3f6f25743f2414e790e98c7305,2012-06-08 06:41:59-07:00,"Merge pull request #50 from tsegismont/SWIFT_PING

Add protocol SWIFT_PING"
adfa3a5409d60c265efffc4101e5ac266b90616a,2012-06-13 00:07:01-07:00,"Merge pull request #51 from wburns/JGRP-1479

JGRP-1479"
f8d4403a2366e465c0d4040e37465b944bb006a1,2012-08-27 08:29:31-07:00,"Merge pull request #62 from dimbleby/JGRP-1498

JGRP-1498 avoid a SEQUENCER deadlock"
0f33caa8ba12892c9c8d2957a1046d2e817ff3c5,2012-08-28 00:53:45-07:00,"Merge pull request #63 from wburns/JGRP-1501

JGRP-1501"
c0d51f98289b053fcad658404c5bd05432c52fa5,2012-09-05 02:40:22-07:00,"Merge pull request #64 from danberindei/t_1508_m

JGRP-1508 Test sending messages with MessageDispatcher after the channel..."
a1d4c2ef9786d8e98e5a9421b271d85f330f1050,2012-10-04 06:07:37-07:00,"Merge pull request #66 from alesj/util_fix

Use right classloader"
3261948c8370ef813984ae9a00ed691ca64d161b,2012-10-18 05:49:06-07:00,"Merge pull request #67 from tristantarrant/JGRP-1527

JGRP-1527 Make the POM package the jg-messages*.properties files in the JAR"
91eb62eec3d42ca7181c76335f3957259373afcd,2013-01-30 07:19:21-08:00,"Merge pull request #72 from rvansa/master

JGRP-1574 ProgressCheck and Custom rejection policies (JGroups 3.3.x)"
db28af30523cfa07a3638785d821d52347ee8060,2013-02-01 23:36:23-08:00,"Merge pull request #73 from nickmbailey/master

Connection callback for stomp connection"
7cb117b231b11c11e3883089d0c51f4001089647,2013-02-19 03:00:54-08:00,"Merge pull request #74 from pruivo/t_toa_discard_leavers

TOA: discard leavers' messages"
81591ffb9d514f85fa7da115f25a204ad59985ee,2013-02-21 08:37:53-08:00,"Merge pull request #75 from pruivo/t_toa_fix

TOA: bugfix in the previous pull request"
bd85c2168499ec883b03d4364d8e5e6dc51e4a45,2013-03-07 00:59:03-08:00,"Merge pull request #76 from neutrospec/master

NAKACK go crazy after Interger.MAX_VAL messages"
c07d05fd4d4cb1c542f011fb892b273b7bd9f1b9,2013-05-04 01:00:08-07:00,"Merge pull request #77 from KnisterPeter/master

[JGRP-1619] Update OSGi manifest"
c51edc15eff8ef559e78eda44b7f681f922f1f4c,2013-05-21 07:41:55-07:00,"Merge pull request #80 from bdecoste/master

 fix NPE for defer_client_bind_addr=true"
8da24b83adf878816b3cc807236353e0c1017434,2013-05-30 00:00:35-07:00,"Merge pull request #81 from wburns/JGRP-1631

JGRP-1631 Fixed issue with build with maven as it was missing log4j2 dep..."
748b112e554e4c8577b270eea1aa042878a7fa03,2013-07-11 03:37:37-07:00,"Merge pull request #85 from mposolda/master

Always cleanup buffer after receive diagnostics message"
2b47c52131e5beec61ec5a4a076bbd073d8677ba,2013-08-09 06:16:42-07:00,"Merge pull request #92 from Sanne/SomePOMcleanup

Some po mcleanup"
19e1115ce3213c3d03a21cc0587481923145628a,2013-08-15 23:47:54-07:00,"Merge pull request #93 from wburns/ConditionLockingChanges

Removed unneeded now unneeded synchronization from Conditions in Locking..."
777fdb71a8b198722c7acd05438cede1b3fe51ca,2013-08-20 00:38:54-07:00,"Merge pull request #94 from dereed/master

JGRP-1674"
9a8376e9342da2cd05acb8f461fb8a4570aac18a,2013-08-23 06:06:51-07:00,"Merge pull request #97 from rhusar/noparalleltests

Add option to disable parallelization with ""-Dparallel.tests=false -Dpar..."
7ea6a6bc0ecb8cb2b4eca2beb58e92375097b264,2013-08-23 06:13:11-07:00,"Merge pull request #96 from rhusar/maven

Fix maven ""test"" goal by delegating to ant"
8c2e11c87bfed03a182789b2224bd4e1c892a8be,2013-08-30 09:19:19-07:00,"Merge pull request #102 from pferraro/master

[master] JGRP-1611 Update log messages to follow TAG-2 message format"
fc3b6acd69b82d287c6a4d86277b4b4fc0a25bf0,2013-09-05 00:26:35-07:00,"Merge pull request #103 from rhusar/sbuffer

ns"
d173a595609ba2c84a1af83c41c6f691e4899cd1,2013-09-12 03:17:20-07:00,"Merge pull request #106 from tristantarrant/JGRP-1692/xsd_element_ns

JGRP-1692 Make sure the 'type' element in the generated XSD references the local target namespace for the ConfigType"
48a5f9418a0ef4fd7946f0277820c1b8477c28c7,2013-10-17 00:46:48-07:00,"Merge pull request #107 from nekop/fd_sock-debug-cause

The FD_SOCK.handleSocketClose() debug log doesn't print the exception me..."
b7da27d05605bf689d07d3963a78c5c7f97842ac,2013-10-18 21:43:34-07:00,"Merge pull request #108 from Sanne/DELAY_updated

DELAY: add options for nanoseconds delay"
1c50c46294101365680f79eb8b4d490ac6ffc790,2013-10-29 06:10:39-07:00,"Merge pull request #109 from rvansa/t_fixtypo

Fixed trivial typo"
584b73e2145931f40914de1176359e5ee0cdc9f5,2013-11-01 09:29:18-07:00,"Merge pull request #110 from rachmatowicz/JGRP-1727

[JGRP-1727] Fix McastReceiverTest on Windows."
edd3d2e400474b6936ba7bf2082384aa11007ded,2013-11-05 01:39:36-08:00,"Merge pull request #111 from rachmatowicz/parallel

Fix variables which control parallelism to be configured from build.xml only."
959a6cf05d7a01bb86bfdf050dbcca2c968890a2,2013-11-05 21:15:19-08:00,"Merge pull request #112 from rachmatowicz/master

Fix parallelism."
6a5703cb1f95c897c820a36b4224f9e5f21a4e2b,2013-11-12 03:14:49-08:00,"Merge pull request #113 from rachmatowicz/output_leak

[JGRP-1739] Fix test output leaking across test cases."
ae9221a9ff6407b8afca475639f68a31046439a0,2013-12-03 22:36:53-08:00,"Merge pull request #115 from thetwan/master

Correcting incorrect parameter javadoc"
2572eea46a895d9537e3179d8b700d3770adc8f0,2014-01-16 10:51:05-08:00,"Merge pull request #117 from justinsb/fix_skip

Move position, not limit, to skip bytes in ByteBufferInputStream"
92de2510c9d9487711d130f859435c538e5ae918,2014-01-16 10:52:14-08:00,"Merge pull request #119 from justinsb/bytebufferinputstream_eof

Map BufferUnderflowException to EOFException in ByteBufferInputStream"
5eb01ec3bdecc754cda5f36001743f09613055e3,2014-02-08 10:35:40+01:00,"Merge pull request #123 from bbrowning/s3-presigned-urls

Update S3_PING to work with newer pre-signed URL format"
2a12d719756bdcfea8302a0522e7423c86994851,2014-03-03 17:26:45+01:00,"Merge pull request #126 from pruivo/JGRP-1785

JGRP-1785 TOA, inconsistent message delivery"
675a23c47c667ff232e8ae4036871cea3d3d5c11,2014-03-08 08:49:16+01:00,"Merge pull request #130 from alanfx/t_s3_ping_error_checking

Additional error checks in S3_PING"
cba81b3df84947d67f6e51178b5786dddf4fcf29,2014-03-10 15:48:29+01:00,"Merge pull request #131 from tristantarrant/encrypt_iv

ENCRYPT: allow selecting a key algorithm and specifying an IV parameter"
5038f4b0683c829cc643ebbe19365cd96d6271c5,2014-03-11 07:20:54+01:00,"Merge pull request #133 from rachmatowicz/master

Update RpcDispatcherTest to be in line with 3.2.13.Final"
a45dfa84300ce9bc6f85d1afea0c30ad436c8e3b,2014-04-04 09:02:35+02:00,"Merge pull request #137 from vblagoje/t_1735

JGRP-1735 JChannel.startFlush() does not attempt back-off on flush"
fd0710f358594c1bdc73137ea05902e1fdff8a0f,2014-05-03 08:53:40+02:00,"Merge pull request #139 from tristantarrant/JGRP-1833/sasl_jaas

JGRP-1833 Add JAAS support to the SASL protocol"
95e49bae0df931245ee3ba4be5ff86dceaf06210,2014-05-20 11:28:11+02:00,"Merge pull request #142 from tristantarrant/JGRP-1838/callbacks/master

JGRP-1838 & JGRP-1839 SASL fixes"
e25e39c876346b30362e42825959353ae19b6fce,2014-05-26 09:13:02+02:00,"Merge pull request #144 from tristantarrant/JGRP-1843/sasl_discovery/master

JGRP-1843 Try to discover alternative SASL factories (e.g. jboss-sasl)"
f1bba99359738a5e06792e9e4866412fa5184721,2014-06-10 13:56:25+02:00,"Merge pull request #148 from vjuranek/JGRP-1849

JGRP-1849 Avoid NPE when SASL mech is not provided"
1c57321a3beabfcc1240d47924b06b2e022e6a8d,2014-06-10 14:03:44+02:00,"Merge pull request #149 from vjuranek/JGRP-1848

JGRP-1848 Avoid NPE when SASL password is not set (e.g. in case of GSSAP..."
d84e8a0a7376ed4b857f37f71c1fef96507516b7,2014-06-12 07:08:40+02:00,"Merge pull request #150 from hoangelos/master

Keep threads from interfering with each other."
3fb3b3598dc313ae37ded7e66f93066c6ed5b357,2014-06-13 08:06:26+02:00,"Merge pull request #151 from rachmatowicz/JGRP-1852

[JGRP-1852] SASL challenge-response cycle does not process challenge messages"
5b852d5b0dc99b9cd087b67a9a33b6b185c385da,2014-06-17 16:18:48+02:00,"Merge pull request #153 from tristantarrant/JGRP-1853/sasl_cred_unmanaged

JGRP-1853 Do not expose passwords/credentials as managed properties"
072ce9d309fcd623c29f070ea44c876581655dd3,2014-06-27 09:16:23+02:00,"Merge pull request #156 from nekop/fd-host-falsesuspect

Move getTimestamp before ping block to avoid false suspect"
227d7a673a7e2375027bf84d0e43bd07e485741e,2014-06-27 09:24:56+02:00,"Merge pull request #157 from belaban/revert-156-fd-host-falsesuspect

Revert ""Move getTimestamp before ping block to avoid false suspect"""
a9cf3b3ae84eb3e65f941476b01bc9e860db34c8,2014-07-03 15:11:35+02:00,"Merge pull request #158 from pferraro/master

JGRP-1859 Allow Configurator to load protocols from a specific classloader"
de523d6aa30ade62a426007830e00cc40af76553,2014-07-20 16:04:21+02:00,"Merge pull request #159 from tristantarrant/sasl_docs

SASL protocol documentation"
36ba1753315315a2d214243b643f03e0c77f63e7,2014-07-31 16:05:39+02:00,"Merge pull request #161 from isavin/logging

Logging"
c74a3194473f5669b8302ce2005641df76a157d6,2014-08-10 20:05:01+02:00,"Merge pull request #163 from rhusar/maven_fix

Fix duplicate declaration of plugin org.apache.maven.plugins:maven-antru..."
f30e3934f96cf433f7f82f965776944943cec1c6,2014-08-19 13:47:17+02:00,"Merge pull request #164 from rhusar/javadoc_ttl

Minor JavaDoc fix for default UDP ttl"
787ebbad6fe9762fe65a765f23df704389304749,2014-08-21 07:01:59+02:00,"Merge pull request #165 from rhusar/expose_suspects

Expose list of suspects as @ManagedAttribute"
772d0dcb85c277b7842b0b2c064f8f86bef8dc63,2014-09-04 07:26:54+02:00,"Merge pull request #166 from rhusar/draw_script

Make draw script executable from anywhere, not just /bin dir"
6bf6ad226d08367b488f38b9ba98b45357625c3d,2014-10-15 09:56:57+02:00,"Merge pull request #168 from rhusar/ns

ns"
04da80583df7ee82c005c29cf8c36ef770489103,2014-10-16 08:07:39+02:00,"Merge pull request #171 from hoangelos/master

Add constructor that adds a custome SSLContext object."
922842eb8cd2eb85de96029b72d0c01439c5e159,2014-10-28 09:20:47+01:00,"Merge pull request #172 from mcimbora/master

JGRP-1711 - handle outcoming messages in separate thread"
21daf4b290709b7a6d0a44a6604735cf2f00ef5a,2014-11-13 10:03:14+01:00,"Merge pull request #183 from rhusar/thread_pool_description_fix

Minor thread_pool description fix"
24cd18ef07602d1a5593729fde6863b0daf8d6b3,2014-11-19 18:39:50+01:00,"Merge pull request #184 from danberindei/t_DISCARD

Make DISCARD collections thread-safe + Keep track of ignored members even when they're not in the view any more"
692f4d5fb54a2854f83c04f045af24df73cd831e,2015-01-08 07:17:50+01:00,"Merge pull request #196 from alex-sherwin/master

documentation typo fixes"
6d6b7feb2df12db79568f5ce290e0e50fc81358e,2015-01-12 17:17:02+01:00,"Merge pull request #198 from pferraro/master

Fix NPE if message arrives for unregistered fork."
a4d0221cbeb599eaa15424d56922605f2fd8635d,2015-01-18 15:13:16+01:00,"Merge pull request #199 from kammous/master

BUGFIX JGRP-1876 Each merge, the number of subgroups increments by two"
883cf5ace16f987ff7ecced900314a1443963b29,2015-02-01 10:22:23+01:00,"Merge pull request #201 from cloudbees/master

Attribute source class/method names properly"
1fef9cdd3f0f6ae125b28fa578da4d1b8416967b,2015-02-03 07:30:29+01:00,"Merge pull request #202 from pferraro/master

Allow CounterService, ExecutionService, LockService to operate on ForkChannel."
83d5c755004fc7939f84b1774b76c37dca3cd141,2015-02-12 12:13:52+01:00,"Merge pull request #203 from pferraro/master

JGRP-1905 FORK: RPCs might block if fork channel or fork stack is not available"
f360a01f3a6c0c1d60114def41d3336eb038e480,2015-02-25 08:10:48+01:00,"Merge pull request #204 from phaas/jdbc-shutdown

Add option to stop JDBC_PING from registering a shutdown hook"
2a5aca2aad5c1046145f7a72ef3d6a7f2066cc73,2015-03-28 17:13:24+01:00,"Merge pull request #205 from dimbleby/fix-flakey-testcase

Fix flakey unit test"
4f7992295aecc4de943c424a799ec695b616e3f6,2015-03-29 11:59:22+02:00,"Merge pull request #206 from dimbleby/publish-local

Fix 'ant publish-local'"
f952188d62bd61588a44ffba69e710ff0f1338a7,2015-05-24 17:10:46+02:00,"Merge pull request #208 from rhusar/JGRP-1928

JGRP-1928 BindException when trying to bind to loopback addresses"
5c06d35d32b12b3605de028b60e5b53f002c336f,2015-05-26 07:04:41+02:00,"Merge pull request #209 from rhusar/ForkChannel_overrides

Add missing @Override-s to ForkChannel methods overriding JChannel's …"
d8b51dde07531ee4c2bb01b3ccb93982bfdb49d2,2015-05-26 08:24:45+02:00,"Merge pull request #210 from tristantarrant/JGRP-1929/sasl_properties_cbh

JGRP-1929 Add a simple properties-based CallbackHandler for the SASL protocol"
1836644cab8e6dd75aac47fc8806a46de6d787bb,2015-05-26 11:43:45+02:00,"Merge pull request #211 from tristantarrant/JGRP-1929_docs

JGRP-1929 Add documentation for the SimpleAuthorizingCallbackHandler"
7d888a7235a616a534d971494adde9f948f14ca6,2015-05-28 10:16:41+02:00,"Merge pull request #212 from tristantarrant/JGRP-1929-bugfix

JGRP-1929 Mini bug fix in SaslClientCallbackHandler"
497cb919cd7b433589afb03cba7318845709117a,2015-05-28 10:45:06+02:00,"Merge pull request #213 from pruivo/JGRP-1930/site_address_2

JGRP-1930 RELAY2: SiteUUID and regular UUID are bundled by TransferQu…"
3da7cfcb347b90c3bd7e96f19020a152ee1f78eb,2015-06-02 10:36:59+02:00,"Merge pull request #214 from rhusar/project_description

Fix project description on jboss.org project matrix"
93cff0f1307e45811d39b2b6d01c1a71e2bd6a64,2015-06-03 17:53:55+02:00,"Merge pull request #215 from TomasHofman/JGRP-1932

[JGRP-1932] Race condition - MERGE2 with TUNNEL transport is not merging"
eb7e5613b306d63eeab2c904270917479d18a3f2,2015-06-06 09:20:03+02:00,"Merge pull request #216 from dobermai/fix_manual

fixed docs for ClassConfigurator to match JGroups 3.6 API"
cb21495b9c50e8f5dc76741efbd9e692e8a9911c,2015-06-15 15:48:36+02:00,"Merge pull request #218 from slaskawi/avoid_staging_during_the_release

Release JGroups avoiding stagig repo"
55448c0adf00306db468c3023fa36f18d2878174,2015-06-16 06:51:04+02:00,"Merge pull request #220 from WolverineFan/master

Use -bind_addr if specified and remove -use_all_interfaces reference"
27c6509f72d583073867f10761f7be405c9c128f,2015-06-16 10:21:45+02:00,"Merge pull request #219 from rhusar/JGRP-1909_azure_ping

JGRP-1909 Add an AZURE_PING protocol"
7b90e0babb05258da0dfb7fa07eb9322f2f30313,2015-06-17 12:50:15+02:00,"Merge pull request #221 from slaskawi/avoid_staging_2

Close staging repositories after the release"
6ecba2fc6723163a6dc5664f4f00cf3565d3f073,2015-06-19 16:14:21+02:00,"Merge pull request #223 from pimenas/master

Fixes FILE_PING discovery method, when filename contains '/' (or '\' …"
226720d659dc80348067307ec19bee8d13f40c2b,2015-06-28 08:08:51+02:00,"Merge pull request #224 from rhusar/azure_package

JGRP-1909 Use org.jgroups.azure for the protocol ID instead"
bdf600749582d6bb16dd4b0dcb65022fb8ee8648,2015-07-04 10:02:51+02:00,"Merge pull request #226 from palacsint/master

Fixed typos, improved formatting"
f18717905d41c1e8f5f0131da4a46cd28dab7d9b,2015-07-09 08:08:15+02:00,"Merge pull request #227 from bertrama/make-X509Token-look-in-classpath

Make X509Token look in the classpath for the keystore."
172a6e63fdb5f47aea6e015c036d2c4436db69eb,2015-07-15 08:12:53+02:00,"Merge pull request #228 from rhusar/merge3_broken_xsd_schema

Fix MERGE3 @Property for min_interval and max_interval"
4bd019ff3db8ca466d36e3e21a591bfffe408dca,2015-07-17 07:19:41+02:00,"Merge pull request #229 from palacsint/master

Documentation improvements"
467bc7a8f2bf92cf271d0424bc1b0a8fe0c74f64,2015-07-22 11:12:57+02:00,"Merge pull request #231 from tristantarrant/JGRP-1942

ISPN-1942 Make MessageDispatcher obtain a log using itself as class instead of using the class name"
91e3812e81f0292d5df2c485bd67b97f3048d2af,2015-07-22 12:26:04+02:00,"Merge pull request #230 from palacsint/master

Documentation improvements"
690d327f0cfbf6cfcc61cedfb6735e72c12ab78f,2015-08-22 08:13:17+02:00,"Merge pull request #232 from pferraro/master

Lower log level when messages are received for an unknown fork."
18523aaedfb4ed128bccd066a15682a7eb637eec,2015-09-03 07:20:05+02:00,"Merge pull request #233 from pingidentity/master

Fix authentication error in SWIFT_PING."
419912d528f85b617862dc1ff9dba2dae57cb97d,2015-09-16 14:24:48-04:00,"Merge pull request #237 from pferraro/master

JGRP-1965 Change default thread pool rejection policy to ""abort"""
820b5ba7fbcdccaba82db9353a97bc75d1344089,2015-10-04 06:40:51+02:00,"Merge pull request #239 from kedzie/master

wrap exceptions test wrong setting"
cd75779e997a5beb158008118ef2ab6a580be238,2015-10-06 11:36:14+02:00,"Merge pull request #240 from tristantarrant/saslmerge

JGRP-1967 SASL: correctly handle merge requests"
87e4aa296a64799ab1d1535d8452e430716718b5,2015-10-16 02:11:16+01:00,"Fix regression with ForkChannel

Motivation:

When the ForkChannel constructor is called with create_fork_if_absent as
true a FORK protocol should be created if it does not exist. After
fba4f23282c281873a09256b038f2251829596ba
org.jgroups.protocols.FORK#createForkStack sets the channel from stack
which is never set resulting in an NPE.

Modification:

Set protocol stack when creating fork and added unit test.

Result:

ForkChannel constructor can be used to create fork if absent."
08ef74d7d9f9b642ebb52e4723310396c0e1659d,2015-10-16 08:20:26+02:00,"Merge pull request #241 from johnou/fix_fork_regression

Fix regression with ForkChannel"
aced329b0a3a283eba22d9c61fa2a4f7f2d42759,2015-10-19 10:19:54+02:00,"Merge pull request #242 from johnou/fix_fork_regression2

Fully initialise FORK protocol before adding it to the stack."
e8747bcd1f18885a1c1b0a16a285da71cb237949,2015-11-23 09:27:35+01:00,"Merge pull request #248 from bjc-world/master

Fixed Cache.get() to return null when entry is expired"
52633308caff59fe8eaa6bdce4001a69cfc9a815,2015-11-23 16:01:56+01:00,"Merge pull request #249 from bjc-world/master

Fixed typo when checking views in GMS_MergeTest._testSimpleMerge()"
9e2d502def0ae7f9d724acb1e6f0a928a815911f,2015-12-10 15:48:50+01:00,"Merge pull request #253 from alanfx/t_JGRP-1992

JGRP-1992 GOOGLE_PING discovery fails if port 443 isn't used"
639c6ecc09b204ee5e436567f9cb85713b2d31ba,2015-12-12 21:41:08+01:00,"Merge pull request #254 from MatiasSM/master

Improved documentation"
6b49ddcd954a533153bd36601db6ef51e5e97f2e,2015-12-17 14:27:34+01:00,"Merge pull request #255 from ginaluca/master

Fixed log format error in PERF class."
ccf1d97becc33838b59ad095ae69db69b70500d5,2016-01-04 16:32:11+01:00,"Merge pull request #256 from bjc-world/master

Fixed various Javadoc warnings"
0009024c6e8cbebf053ced06e567e91fb04f260b,2016-01-13 14:27:11+01:00,"Merge pull request #258 from DevFactory/staging/Use-Proper-Class-Loader

pmd:UseProperClassLoader - Use Proper Class Loader"
7d330303b17e687e22e06e764dbb6ae4e358cf36,2016-01-15 08:00:25+01:00,"Merge pull request #260 from DevFactory/staging/Nested-enums-should-not-be-declared-static-fix1

squid:S2786 - Nested enums should not be declared static"
c9a6990e570216d96b6e9ea4692d4d48344c2dd9,2016-01-15 13:40:14+01:00,"Merge pull request #262 from DevFactory/staging/Utility-classes-should-not-have-public-constructors-fix1

squid:S1118 - Utility classes should not have public constructors"
930c2a2fef0fc005525d3d07b8d3596353880164,2016-02-03 17:22:26+01:00,"Merge pull request #278 from DevFactory/release/Use-Index-Of-Char-fix-1

pmd:UseIndexOfChar - Use Index Of Char"
93eafaada9d50d2664e915d85171d3254baa6b78,2016-02-04 12:52:12+01:00,"Merge pull request #279 from DevFactory/staging/Iterator.next()-methods-should-throw-NoSuchElementException,-Performance---Method-invokes-inefficient-Number-constructor

squid:S2272,findbugs:DM_NUMBER_CTOR - Iterator.next() methods should …"
0c28001465524d6b0b087a8eea54827e4defc934,2016-02-10 10:15:51+00:00,"Merge pull request #282 from rhusar/docs

Trivial docs spelling fix"
71a71244c7ff85be39ad08cb8473b86b6c859355,2016-02-11 09:13:33+00:00,"Merge pull request #283 from DevFactory/release/Classes-without-public-constructors-should-be-final-fix-1

squid:S2974 - Classes without public constructors should be final"
0b571dee142dc61a140b7a3ccfe3c29cafe0c569,2016-02-15 08:07:48+00:00,"Merge pull request #287 from DevFactory/release/Files-should-contain-an-empty-new-line-at-the-end-fix-1

squid:S00113 - Files should contain an empty new line at the end"
74614dc67426d82929af6ae97349242d95162ede,2016-02-17 10:49:55+00:00,"Merge pull request #288 from alanfx/t_JGRP-2014

JGRP-2014 FILE_PING destination file name can include File.separator"
ed2ce70593d8c8397cb859427d582c50a538b60a,2016-02-18 06:00:28+00:00,"Merge pull request #289 from DevFactory/release/Local-variables-should-not-shadow-class-fields-fix-1

quid:HiddenFieldCheck - Local variables should not shadow class fields"
1e2012facf5f71654fc9976405eba8db74bbeba8,2016-02-19 12:54:46+00:00,"Merge pull request #290 from DevFactory/release/Math-operands-should-be-cast-before-assignment-fix-1

squid:S2184 - Math operands should be cast before assignment"
331fe8754834380d073145a6873f8d6d1bf00529,2016-02-24 06:15:32+00:00,"Merge pull request #292 from tristantarrant/JGRP-1993/master

JGRP-1993 Compare the encoded keys instead of the SecretKey implementation"
b8bd38816709094049861208a51245339b4dec8f,2016-02-26 10:42:33+00:00,"Merge pull request #294 from DevFactory/release/Neither-Math.abs-nor-negation-should-be-used-on-numbers-that-could-be-MIN_VALUE-fix-1

squid:S2676 - Neither Math.abs nor negation should be used on numbers…"
565fa123057e966efb19f24d43975cf8ab13ceed,2016-02-27 13:14:43+00:00,"Merge pull request #295 from DevFactory/release/Parentheses-should-be-removed-from-a-single-lambda-input-parameter-when-its-type-is-inferred-fix-1

squid:S1611 - Parentheses should be removed from a single lambda inpu…"
0bd0e1e6b3bb1eed9f8942a0ed8b5c4aca11ea61,2016-03-02 08:20:31+00:00,"Merge pull request #296 from DevFactory/release/static-members-should-be-accessed-statically,Boolean-checks-should-not-be-inverted-fix-1

squid:S2209, squid:S1940 - static members should be accessed statical…"
f2895b826b68d126ce07b7816dc4c9e5f118d679,2016-03-30 21:10:40+01:00,"Merge pull request #299 from pferraro/master

[master] JGRP-2035 Revert ""pmd:UseProperClassLoader - Use Proper Class Loader"""
3909708836367e667b93715fb0f7ad9a7b2b675e,2016-04-04 11:59:45+02:00,"Merge pull request #300 from rhusar/typo

Fix minor typo in public xsd"
4ffd6009f96c9dc121dcd97042c566a9bf0e0a80,2016-04-07 17:25:19+02:00,"Merge pull request #301 from rhusar/JGRP-2037

JGRP-2037 Publish xsd version in the generated xsd schemas"
72345ef3f6f05da32c9b65dbe402286fae27c77c,2016-04-16 10:50:43+02:00,"Merge pull request #304 from alanfx/JGRP-2051

JGRP-2051 S3_PING.generatePreSignedUrl() has to use https for the"
8dddc30a650a90ee472e130e8842bdd310535070,2016-04-18 12:29:39+02:00,"Merge pull request #302 from jbertram/JGRP-2045

JGRP-2045 allow init during shutdown"
bf11fa2274290d4c6f43ba0a36661ed2d2b7baf4,2016-05-27 10:50:37+02:00,"Merge pull request #308 from danberindei/t_NAKACK2_trace

NAKACK2: Fix IndexOutOfBoundsException with trace enabled"
38a882331035ffed205d15a5c92b471fd09659c0,2016-06-14 08:07:43+02:00,"- Every message sent through ENCRYPT now has an EncryptHeader # (https://issues.jboss.org/browse/JGRP-2021)
- Refactored ENCRYPT into SYM/ASYM_ENCRYPT
- ENCRYPT.encrypt_entire_message = true is now the default
- Messages without EncryptHeader are dropped by ENCRYPT
- More tests in ENCRYPTTest
- An encrypted checksum (signature) of the hash of the encrypted message is now shipped in the header (only when encrypt_entire_message == true and sign_msgs == true)). This allows for checksum comparison; if a checksum shipped with a message doesn't match the computed checksum, then the message will be dropped
- Probe: sort protocol attributes
- KeyStoreGenerator: use the algorithm specified
- Changed tests to use SYM/ASYM_ENCRYPT
- Added new protocol SNIFF
- Join and merge requests/responses skip encryption / decryption
- Unit test for ASYM_ENCRYPT: when a member C leaves the cluster, make sure C cannot send messages to the existing cluster members
- Unit test for rogue injection of merge view
- Handling of merges is now correct
- Added doc/design/MaliciousAttacks.txt
- Added section on SYM/ASYM_ENCRYPT to the manual
- Changed encrypt.xml default
- Set @BeforeMethod/@AfterMethod(alwaysRun=true) so that init() of EncryptTest is always run
- Using delegation rather than inheritance in {A}SYM_ENCRYPT_Test, as inheritance doesnt work correctly in TestNG
- Added sample configs for SYM/ASYM_ENCRYPT"
33c60b940f62a79163c18ab8cff3d478bcaa4680,2016-07-19 14:45:58+02:00,"Merge pull request #312 from jmarkos/fix_build

Remove unaccessible staging repository"
89c3e8062ec2ce9fc00477e8522bb492fdc05b35,2016-08-11 08:28:17+02:00,"Merge pull request #314 from rvansa/JGRP-2094_4.0

JGRP-2094 Add convenience method Rsp.readIn"
f51deb1ddcbd53d1b712b850c1757018b0aba3cc,2016-08-11 14:50:43+02:00,"Merge pull request #315 from mway-dmueller/close_resultsets_after_usage

Update JDBC_PING.java to use try-with-resource to ensure that ResultS…"
eabecf093e1cfc07174b2f850e1264d83a097885,2016-08-15 09:40:03+02:00,"Merge pull request #319 from matthijs-oosterhoff/fix-counter-nullpointer

#317 to master"
b1d7a21061232f67c9bf2256e26405cd0605779b,2016-08-15 09:43:27+02:00,"Merge pull request #318 from mwaylabs/fix_jdbc_ping_readAll

fixes JDBC_PING.readAll() executing ResultSet.deleteRow() on readonly ResultSet"
7dd31a2e3ada149aaa98c8b60d2555e2103d5f9f,2016-08-15 10:22:10+02:00,"Merge pull request #320 from mwaylabs/fix_jdbc_ping_readAll

select_all_pingdata_sql must select primary keys for ResultSet.deleteRows() to work properly as this required by JDBC standard"
ea5406c49df3b8e9c8511304555beeef6c30bb42,2016-08-16 10:34:11+02:00,"Merge pull request #321 from mwaylabs/clear_cluster_table

clearTable() should leave records of other PINGs unaffected"
2edd7410fbd497d32f0798efa1b6691c1ce3a1ff,2016-09-29 07:50:53+02:00,"Merge pull request #323 from rvprg/bug-fix

A check for null added to prevent NPE."
c0c543cca4f24b7dea18241ae9214404bd253987,2016-09-30 12:58:51+02:00,"Merge pull request #324 from danberindei/TOA_format_error

TOA formatting error and spelling"
92bff0ed314bb8acd85c9408dc9cef4240847700,2016-10-05 12:01:42+02:00,"Merge pull request #326 from rvprg/bug-fix

Added a null check before returning retval from tryLock."
6285cadaca20f84b59969e76f2e6b03abf54afaa,2016-10-21 11:32:45+02:00,"Merge pull request #327 from vpakan/JGRP-2121

[JGRP-2121] Logs ASYM_ENCRYPT message ""key server is currently not set"" with debug level"
b85300c558179ad87e2365d5fe493a14c4961b92,2016-11-08 06:00:51+01:00,"Merge pull request #330 from eitansuez/master

fixed a minor typo"
990e07ca07f347682ca20db3b04262b8af4503ad,2016-11-21 12:15:48+01:00,"Merge pull request #331 from rvprg/bug-fix

A couple of small bug fixes in the demos."
de959a3bab1e7a08e9da21704e3425ef0b5cc2af,2016-12-12 12:37:02+01:00,"Merge pull request #333 from onagano-rh/JGRP-2144_master

[JGRP-2144] Use error log method with Throwable"
2977d1f56cc78ff6fef5f94779bfa0e7f8ecb13a,2017-01-10 11:03:40+01:00,"Merge pull request #336 from slaskawi/JGRP-1388/DNS_PING_srv_entries

JGRP-2139 SRV entries parsing for DNS_PING"
67273aaae5565c55e4c2f55c9948ccb6090edcb2,2017-01-11 11:22:12+01:00,"Merge pull request #337 from slaskawi/JGRP-1388/DNS_PING_additional_tests

JGRP-1388 Additional tests fort DNS_PING"
1b1d9c53f60aceaa5f23ab2ccf9194869802b5f4,2017-01-13 09:55:35+01:00,"Merge pull request #338 from slaskawi/JGRP-1388/DNS_PING_documentation

Jgrp 1388/dns ping documentation"
0ef592656b57ab9f2bb9e68daad177dd57125fad,2017-01-13 16:42:03+01:00,"Merge pull request #339 from rhusar/headless

Build: run make-schema ant target in headless java process"
bab6db33770d14f2be734a194e8ca759da07915b,2017-02-08 08:25:24+01:00,"Merge pull request #342 from rhusar/JGRP-2063v2

JGRP-2063 JDBC_PING: allow supplying dataSource object directly inste…"
09f359e250502253831439e71639ff90a759f291,2017-02-13 17:48:11+01:00,"Merge pull request #344 from rhusar/intervals-out-of-sync

Protocol intervals in conf/jg-protocol-ids.xml are out of sync with C…"
e370aba19682fc127f26f4c8c0c127d6a1daeb31,2017-03-09 06:29:53+01:00,"Merge pull request #345 from rhusar/disable-initial-coord

Remove reference to nonexistent GSM.disable_initial_coord"
3be5aaf3f4adbd63074e6c316a9b91130976875d,2017-03-17 16:45:02+01:00,Fix NAKACK2#log_not_found_msgs description
c8685f237b07b748ddd2b5438ffe1131dbf66eca,2017-03-17 17:42:41+01:00,"Merge pull request #346 from rhusar/NAKACK2-log-not-found

Fix NAKACK2#log_not_found_msgs description"
11d73362656a57bee0e78f482ad77fe7c926ffc0,2017-04-04 08:49:09+02:00,"Merge pull request #347 from slaskawi/Jenkinsfile

Jenkinsfile"
e0c16ff82ea29e4882220c8cea9812a6a6f94ba0,2017-04-18 07:32:07+02:00,"Merge pull request #348 from philip-doctor/allow-ssl-params

Allow SSL Sockets to be configured with SSL Parameters"
bea4d251f9649af129b00b1b37b556bebd9e62ee,2017-05-22 19:14:14+02:00,"Merge pull request #349 from rhusar/auth-doc

Cleanup AUTH design doc; upgrade to markdown"
907a49e1284a3b0881f06afa9c24941cb142d648,2017-06-24 11:21:30+02:00,"Merge pull request #353 from ppalaga/JGRP-2198.1

[JGRP-2198] UNICAST3: Reduce log level for RequestCorrelator ""channel is"
404db05dcd28016e53f02999d31e8b6eae3ff80a,2017-08-02 07:54:30+02:00,"Merge pull request #358 from uthark/patch-1

Fixed typo: loosing -> losing"
9c228cf94370edfce57a9772b9ff265cec4f283f,2017-09-10 14:22:07+02:00,"Merge pull request #359 from tristantarrant/JGRP_2034/sasl_ibm_test_fix

JGRP-2034 Use the JDK-specific SASL realm property so that it works w…"
c3dd3ae816fbff39bcef503cf93c73ad6191adb9,2017-10-11 16:53:27-04:00,"Merge pull request #1 from j256/gw-fix-log-warns-inconsistents

Fix log warnings and inconsistencies"
cbe46b80a16c160ba521d8b34625a6787f9c88bf,2017-10-12 09:14:20+02:00,"Merge pull request #362 from j256/master

Fixed some log warnings and argument inconsistencies"
86aa9cb5e705c3aa17752ef49a60159b27d7190f,2017-10-16 08:15:33+02:00,"Merge pull request #364 from pruivo/t_2217_toa_ignore_data_message

JGRP-2217 TOA doesn't ignore DATA_MESSAGE from non-members"
7a2788561dca8ff468ca41dfc6bb305782d13bfe,2017-10-16 12:31:41+02:00,"Merge pull request #363 from pferraro/master

JGRP-2226 Add Protocol.setProperties(Map<String, String>) method to allow programmatic configuration of arbitrary properties"
f130c90e195a9bfa1fe1c0c25e2b7a4c721f42f0,2017-10-18 19:01:43+02:00,"Merge pull request #365 from rhusar/master

Remove extra new line in MERGE3 debug statement + minor POM fixes"
01370c34cd85ab2d7816967e5c4a7769819f4873,2017-10-20 06:36:06+02:00,"Merge pull request #367 from pferraro/master

JGRP-2223 Make DNS_PING more user-friendly"
7ffc2d0d13d6e26b105ea15d75ba92f74a8a7793,2017-10-30 16:39:15+01:00,JGRP-2231 Intermittent NPE in JGroups GMS#up on shutdown
44e4d2a77e6e8bc727d87759bf30a8d7c1ffa9af,2017-10-30 17:05:49+01:00,"Merge pull request #368 from rhusar/JGRP-2231

JGRP-2231 Intermittent NPE in JGroups GMS#up on shutdown"
d3b6013b90e4d37647fa1324022adde0a4ebad42,2017-11-01 17:53:53+01:00,"Merge pull request #369 from jebl01/reaper-runnable

Fixed reaper runnable toString()"
c229aa5d66c388cef17e0aaeeec969ec349ca7b7,2017-11-17 06:38:03+01:00,"Merge pull request #370 from rich-coe/bping

BPING: error out with meaningful message if socket cannot be created"
22fa8cef96d0f702479cd62ca0c0aeda96724409,2017-12-13 09:50:24+01:00,"Merge pull request #371 from ounsworth/ounsworth_MD5Token_fixes

Some fixes to auth.MD5Token"
5136662b42f67227d8a3299760a0889baf7095c4,2017-12-18 09:20:23+01:00,"Merge pull request #373 from pruivo/t_2233_toa_fix

JGRP-2233 TOA is ignoring too many messages"
9a544b79a965310603afe390bc579c83e5253ae8,2017-12-21 23:12:58+01:00,"Merge pull request #374 from valdar/JGRP-2243

JGRP-2243 provided the INJECT_VIEW protocol to inject arbitrary views in nodes."
3b48cf46099f9c95737b435901fa1f36a1d12d9f,2017-12-22 09:11:35+01:00,"Merge pull request #375 from valdar/JGRP-2243

JGRP-2243 Added documentation in doc/manual/protocols.adoc and corrceted some typo in javadoc."
a09bda5b99922fc5b0bfa04f3155a583513c325f,2018-01-03 17:05:54+01:00,"Merge pull request #376 from valdar/JGRP-2243-bis

JGRP-2243: Changed NAMES_SEPARATOR to / in order to be compatible wit…"
7f21dd04ef8dc3b235157430ab8707cec25a7834,2018-01-23 22:05:53+01:00,"Merge pull request #377 from rhusar/javadoc2

Fix MULTI_PING JavaDoc"
364f01385e935295da4b4d37510c948ca0ef23c6,2018-02-01 10:26:34+01:00,"Merge pull request #378 from ryanemerson/JGRP-2248

JGRP-2248 SASL protocol should not pass null callbackhandlers to Fact…"
839f64075f468c233ff8ca9f622a42835c4f4117,2018-03-16 15:22:17+01:00,"Merge pull request #381 from Sanne/MessageDispatcherTest

Test for MessageDispatcher's synchronous cast to actually block for r…"
361a03df24f03af3e18dba2afa6133626975f42e,2018-03-16 17:16:48+00:00,Clarify purpose of MessageDispatcherTest#testBlockingSecondMember
a9520bf61b8dfda399455005778eeda84e5b78ea,2018-03-22 11:44:27+01:00,JGRP-2258 GMS#install_view_locally_first is deprecated and never used but does not issue a warning message
20a534256c1f6ac27fe4085eb9d21777e661799f,2018-03-22 11:51:57+01:00,"Merge pull request #382 from rhusar/JGRP-2258

JGRP-2258 GMS#install_view_locally_first is deprecated and never used…"
5ae9d146fafe23b776f9e0d3f52654dc66527e9d,2018-03-28 16:50:43+02:00,"Merge pull request #383 from slaskawi/JGRP-2254/default_dns_address

Jgrp 2254/default dns address"
8e23bc1e88110296422fc7efc14bece4e9d2f037,2018-04-24 14:36:26+02:00,"Merge pull request #384 from rhusar/timescheduler3-log

Minor logging fix in TimeScheduler3"
4e9ad4b6e7c0b54bb76a3b349a453b7937ce03e1,2018-05-16 16:06:14+02:00,"Merge pull request #385 from slaskawi/update_dns_ping_doc

Extended DNS_PING documentation"
3469a2947ae731b0b57928b09ab0ba3268e818d2,2018-05-18 08:12:44+02:00,"Merge pull request #386 from rhusar/inject-view-logging

INJECT_VIEW logging fix: extraneous new lines, duplicate protocol name"
cbf1b88db87cb872cb14d9a0323fd4d76519f59d,2018-06-08 18:41:08+02:00,Fix SASL#getServerName
e5a98669ceaae5c4e01bdaded2b3b51f8bff3dba,2018-06-08 19:05:49+02:00,"Merge pull request #387 from rhusar/sasl

Fix SASL#getServerName"
d387862ece955df954a1db3b80e428d56dbeb1a8,2018-06-25 12:28:14+02:00,"Merge pull request #389 from rhusar/merge3-tcp

Test to demonstrate MERGE3 speed on tcp stack"
5d5b41e366306f532a25a64cd91d4a821ee35894,2018-07-04 17:45:18+02:00,"Merge pull request #391 from bartoszpop/JGRP-1530

Fix memory leak"
6077451e9c67203f20aedb787bcc75655e013ec8,2018-07-04 18:46:43+02:00,"Fix org.jgroups.protocols.SaslHeader#toString
11:35:23,082 WARN  [org.jgroups.protocols.SASL] (thread-9,ejb,node1) failed to validate SaslHeader from node2, header: payload=[B@6dbb752e"
a7d7b810e5fbe3cf82ebc7d34f82ef644d174930,2018-07-05 09:16:17+02:00,"Merge pull request #392 from rhusar/sasl-header

Minor fixes for SASL"
11be0e67c78330760686f3fd7a641676161f5374,2018-07-09 16:29:13+02:00,"Merge pull request #393 from rhusar/javadoc

Fix dangling @XmlElement JavaDoc"
3b4728ea509de6dd607fb31beee535951b43491b,2018-09-13 13:10:22+02:00,"Merge pull request #394 from pferraro/verify_suspect

JGRP-2286 VERIFY_SUSPECT can return false positives if member is killed and immediately restarted"
1440d67e1e41ef6269b7fdc4512ddfcf012810b9,2018-09-18 08:15:35+02:00,"Merge pull request #395 from rhusar/JGRP-2291

JGRP-2291 Tests do not compile with maven (org.testng:testng:jar:7.0.…"
c1e5ce87c7948401a28e219b1abd673401201b18,2018-09-18 10:12:35+02:00,"Merge pull request #396 from belaban/revert-394-verify_suspect

Revert ""JGRP-2286 VERIFY_SUSPECT can return false positives if member is killed and immediately restarted"""
499cec33447148799d5499be25bfcf5f10a304ea,2018-09-24 14:58:33+02:00,"Merge pull request #397 from rhusar/JGRP-2293-reproducer

Reproducer for JGRP-2293"
8c62ca5dd6973349c533615bb4b7bc66b8281115,2018-09-25 13:42:18+02:00,"Merge pull request #399 from rhusar/JGRP-2297-reproducer

Reproducer for JGRP-2297"
a772bf656735ca36d58f3b02c6b26e0a2d866f59,2018-09-27 18:18:36+02:00,Remove references to deprecated/ignored Encrypt#encrypt_entire_message
d11a4f8907d4cc4b39885ec648ead4a88af9c40d,2018-09-28 12:21:28+02:00,"Merge pull request #400 from rhusar/ns

Remove references to deprecated/ignored Encrypt#encrypt_entire_message"
8357e9e728c950526d960d3092834a78eba62ff5,2018-10-23 17:55:35+02:00,"Merge pull request #404 from viogate/master

JGRP-2307 Fix bug in Slf4jLogImpl"
9308cd053cc8a707b5af30fd3a260cefd9ce0751,2018-10-24 08:31:35+02:00,"Merge pull request #402 from rhusar/JGRP-2302

JGRP-2302 Default ASYM_ENCRYPT asym_keylength is considered breakable"
3113047099d9611b14832a704e28a7da33db31d7,2018-10-24 08:35:09+02:00,"Merge pull request #403 from linuxfreakus/JGRP-2306

JGRP-2306 only log error for unexpected disconnects"
1651cf08b9e29efe28adc58ea8a0c96759c3e275,2018-10-29 09:33:26+01:00,"Merge pull request #405 from danberindei/patch-1

Run tests in Jenkins"
216d7e21a88a5f43ff068b5f004122822a94b369,2018-11-01 17:32:53+01:00,"Merge pull request #406 from rhusar/JGRP-2313

JGRP-2313 Promote GMS message ""[...] creating cluster as first member…"
8a6322a3643b66f781bc88b891641399b758ac5b,2018-11-29 19:02:12+01:00,"Merge pull request #408 from pferraro/JGRP-2315

JGRP-2315 ASYNC_ENCRYPT: Race condition in cipher queue usage can cause message decryption failures"
6c81fddd0a5d9a1c86fedeeddcf047ff40ff39ad,2018-11-29 19:08:19+01:00,"Merge pull request #407 from pferraro/JGRP-2279

JGRP-2279 Fix BadPaddingExceptions if cipher contains state from previous failure."
fa52639f5d7694078a95c9102f48c5a5b17621e8,2018-12-06 12:27:46+01:00,"Merge pull request #411 from slaskawi/fix_dns_ping_tests

Fixed tests and regexp expressions for DNS_PING"
f28c12ffe8f83232b4b0e9c3367fd6d8f0ee251e,2019-01-07 09:02:40+01:00,"Merge pull request #413 from danberindei/JGRP-2321_fd_logging

JGRP-2321 Failure detection protocols should log all events"
5c6af8f63b6b109c583216eff36dac37ef76a9ab,2019-01-07 09:12:27+01:00,"Merge pull request #414 from tristantarrant/JGRP-2322/extensible_schema

JGRP-2322 Make protocol attributes extensible in the schema"
40e416db22c6768625718ce9126c7c9491ec3440,2019-01-07 09:13:47+01:00,"Merge pull request #412 from rvprg/Typos

A few typos fixed in the javadoc."
76f0566d517405ba6aace7dcd10e96fa8833035c,2019-01-09 08:42:46+01:00,"Merge pull request #415 from tristantarrant/JGRP-2323/xsd_fixes

JGRP-2323 Use correct namespace for element types"
7560a20d0c30b868f0bb2ceeb49fe6cb9d2e3780,2019-01-09 08:50:47+01:00,"Merge pull request #416 from rvprg/visibility

The timer field is used as a flag to exit the thread's while loop"
7c4a83d4f4c33b5338b6228e8e8a9d62a84a1cf4,2019-01-09 15:56:21+01:00,"Merge pull request #417 from rvprg/delay

Use System.nanoTime() instead of System.currentTimeMillis()."
7d0545c7ed3ec7dcb59693166d6f5a37e2b9d020,2019-01-23 12:37:15+01:00,"Merge pull request #419 from danberindei/JGRP-2328_NioConnection_stop

JGRP-2328 NioConnection.Reader thread can miss stop request"
06b79a237936b84feeac5711ea4c87694577fc48,2019-03-20 10:54:24+01:00,JGRP-2333 pbcast.GMS#getView returns ViewId as opposed to the View
c2105ca3caf390bf3eca241eda7d9f90bfdccc30,2019-03-20 11:47:44+01:00,"Merge pull request #420 from rhusar/JGRP-2333

JGRP-2333 pbcast.GMS#getView returns ViewId as opposed to the View"
e58f2e8c8fd28ad930fe33c512bc093443bb3fc6,2019-03-20 16:10:54+01:00,"Merge pull request #421 from Sanne/BuildImprovements

Don't attempt to download SNAPSHOTS from the JBoss Release repository"
9bdc44f1330ffbb4942b659969ba059328576409,2019-04-01 13:48:10+02:00,"Merge pull request #422 from pferraro/factory

JGRP-2339, JGRP-2340 Add missing SocketFactory methods for NIO channels"
1c64a90b367a5d810690e534650a73c39d665a8a,2019-05-22 17:10:37+02:00,"Merge pull request #424 from rhusar/ban-non-https-repositories

Ensure all repositories defined for the build are accessed over https"
fc3e19599f317238e5791258def44a5f68df8c55,2019-06-05 16:23:12+02:00,"Merge pull request #425 from TheGoesen/master

ReplicatedHashMapViews are replicated"
d6ff02b172518b70e47b25cb6d59eb8b716d5b67,2019-06-09 14:11:07+02:00,"Merge pull request #426 from pruivo/t_2354

JGRP-2354 ForkChannel does not receive SITE_UNREACHABLE events"
e670c0c5bf83f4ac4491dffa60e200535ffaba62,2019-06-12 14:29:36+02:00,"Merge pull request #427 from danberindei/JGRP-2350_JGRP-2354_backport_40

Backport JGRP-2350 and JGRP-2354 to 4.0.20"
af3d545d6eafd0ef42b424140ca37a21a6695cee,2019-06-12 14:34:16+02:00,"Merge pull request #428 from belaban/revert-427-JGRP-2350_JGRP-2354_backport_40

Revert ""Backport JGRP-2350 and JGRP-2354 to 4.0.20"""
83f6dd7248ce83f3aafb5b0c6e847ac3683fd723,2019-06-20 18:25:47+02:00,"Merge pull request #430 from pferraro/master

JGRP-2355 Fix JDK8 compatibility with ByteBuffer methods."
53ec9067b3728a0cd1c58f569cfb6f729ffb2e99,2019-07-30 13:51:47+02:00,"Merge pull request #431 from pruivo/t_2359_master

JGRP-2359 Route list can be empty"
1a2d4a4678aeee4767c06edae4f21276c0775fa6,2019-08-07 16:36:40+02:00,"Merge pull request #432 from diegolovison/net_info

JGRP-2366 Log UDP network interface and port range"
41fe102674dda4c6bffcf6d42c71eee8b443647f,2019-08-22 15:51:11+02:00,"Merge pull request #436 from rhusar/JGRP-2373

JGRP-2373 SSL_KEY_EXCHANGE usage of port_range is off by one; failing…"
840fde8ee0a0e2354d4bcffc200c8ef16582b564,2019-09-06 16:16:23-03:00,JGRP-2379 Support custom variables in the attribute value for relay.RELAY2#config
3f7d4d9c38f4519849199b6fe018cd0423b6c98b,2019-09-09 10:40:57+02:00,"Merge pull request #439 from diegolovison/JGRP-2378

JGRP-2378 Util replaceProperties fails when the input start with $"
472b33486744c4140f945f1e7f7e21da7eaa43b9,2019-09-09 10:43:31+02:00,"Merge pull request #440 from diegolovison/JGRP-2379

JGRP-2379 Support custom variables in the attribute value for relay.RELAY2#config"
fcb059c7b9e30c35595b8ea1ace424e3366ae264,2019-10-03 14:24:54+02:00,JGRP-2388 DNS_PING#destroy could yield NPE hiding the root cause
d6cd41b376696d088adb9e931dcef42508a939fe,2019-10-03 14:37:14+02:00,"Merge pull request #442 from rhusar/JGRP-2388

JGRP-2388 DNS_PING#destroy could yield NPE hiding the root cause"
51f0bedd84c76584743f2b3ce0b62b0763141a11,2019-10-05 08:53:01+02:00,"Merge pull request #443 from nsawadsky/iv-docs

Switching to AES/CBC/PKCS5Padding in manual and conf examples."
9807b5120839f260147d7d247d741c8245bc2017,2019-11-05 14:47:42+01:00,"Merge pull request #445 from anistor/t_JGRP-2394_2nd

JGRP-2394 Provide ObjectName prefix also for unregistrations"
b085bec8c404a03751ee64d910c6c975a88542c3,2019-11-21 17:42:58+01:00,"Merge pull request #455 from belaban/dependabot/maven/org.apache.maven.plugins-maven-failsafe-plugin-2.22.2

Bump maven-failsafe-plugin from 2.15 to 2.22.2"
79dee0cf383fab8d6e2577e596d77e2d57da1fbb,2019-11-21 17:43:29+01:00,"Merge pull request #454 from belaban/dependabot/maven/org.apache.maven.plugins-maven-deploy-plugin-2.8.2

Bump maven-deploy-plugin from 2.7 to 2.8.2"
45cae69f7f7571177d0608c95752f325d52952b1,2019-11-21 17:43:39+01:00,"Merge pull request #452 from belaban/dependabot/maven/org.apache.maven.plugins-maven-site-plugin-3.8.2

Bump maven-site-plugin from 3.2 to 3.8.2"
b2562dbfb8f7199418657db0b26cd4d42ff009c8,2019-11-21 17:43:47+01:00,"Merge pull request #451 from belaban/dependabot/maven/org.sonatype.plugins-nexus-staging-maven-plugin-1.6.8

Bump nexus-staging-maven-plugin from 1.6.5 to 1.6.8"
48693a98ccc8938c1b3d9fb28fd8b7425deb1e65,2019-11-21 17:43:56+01:00,"Merge pull request #449 from belaban/dependabot/maven/org.apache.maven.plugins-maven-resources-plugin-3.1.0

Bump maven-resources-plugin from 2.6 to 3.1.0"
1e0bf7284197205e7b9e3c50c6031bcf082998fa,2019-11-21 17:44:07+01:00,"Merge pull request #448 from belaban/dependabot/maven/org.codehaus.mojo-build-helper-maven-plugin-3.0.0

Bump build-helper-maven-plugin from 1.8 to 3.0.0"
bf50b532323598621f343937c72704db2dc56ed6,2019-11-21 17:44:30+01:00,"Merge pull request #450 from belaban/dependabot/maven/org.apache.logging.log4j-log4j-core-2.12.1

Bump log4j-core from 2.11.2 to 2.12.1"
12b229e144a2e5932fc74be1a9937fac0f3f8b7e,2019-11-21 17:44:37+01:00,"Merge pull request #447 from belaban/dependabot/maven/org.apache.logging.log4j-log4j-api-2.12.1

Bump log4j-api from 2.11.2 to 2.12.1"
a6f8bb59dfcd3431ce59bfad6743dde67669e96f,2019-11-21 17:47:53+01:00,"Merge pull request #453 from belaban/dependabot/maven/org.testng-testng-7.0.0

Bump testng from 6.14.3 to 7.0.0"
43f1ea36e5cbdd5d76c7a177babec54cb966d140,2019-11-22 13:28:55+01:00,"Merge pull request #462 from belaban/dependabot/maven/org.apache.maven.plugins-maven-dependency-plugin-3.1.1

Bump maven-dependency-plugin from 2.8 to 3.1.1"
5df3aa9d85b0884d66b2f440842fa6b24a606e44,2019-11-22 14:41:57+01:00,"Bump maven-jar-plugin from 2.4 to 3.2.0 (#465)

Bumps [maven-jar-plugin](https://github.com/apache/maven-jar-plugin) from 2.4 to 3.2.0.
- [Release notes](https://github.com/apache/maven-jar-plugin/releases)
- [Commits](https://github.com/apache/maven-jar-plugin/compare/maven-jar-plugin-2.4...maven-jar-plugin-3.2.0)

Signed-off-by: dependabot-preview[bot] <support@dependabot.com>"
ee557a3c3a37423b51c3307f70613a5bc518fa8d,2019-11-25 08:52:37+01:00,Replace org.testng.annotations.Test#parallel with org.testng.annotations.Test#singleThreaded
396e4690a2deffae85d84a0940983f69e234df98,2020-07-16 09:14:27+02:00,JGRP-2489 TcpConnection.Receiver#run should use logger to handle exception rather than rely on the UncaughtExceptionHandler
bf7f2bd664abd1e65348e1303a1597adc3eb1a3f,2020-11-16 07:56:53+01:00,"Merge pull request #521 from belaban/dependabot/maven/org.apache.logging.log4j-log4j-api-2.14.0

Bump log4j-api from 2.13.3 to 2.14.0"
0f15bcbc266d36a25c422a93a2422d20f6105cbf,2020-12-07 07:50:06+01:00,"Merge pull request #522 from belaban/dependabot/maven/org.wildfly.openssl-wildfly-openssl-2.1.2.Final

Bump wildfly-openssl from 2.1.1.Final to 2.1.2.Final"
05d4d414f674f5796ec277a178ca1fbeb0706998,2021-01-20 09:28:03+01:00,Replaced W#c XML parser with simple XML parser (https://issues.redhat.com/browse/JGRP-2525)
5b7f570b2e93ec8050ee0a7254f6bdb7cf427c7c,2021-02-08 09:35:18+01:00,"Merge pull request #527 from belaban/dependabot/maven/org.wildfly.openssl-wildfly-openssl-2.1.3.Final

Bump wildfly-openssl from 2.1.2.Final to 2.1.3.Final"
9ff8f09dd08a73263ebb289b610472c3ef1ac946,2021-02-22 09:42:46+01:00,"Merge pull request #528 from belaban/dependabot/maven/org.jboss.byteman-byteman-bmunit-4.0.14

Bump byteman-bmunit from 4.0.13 to 4.0.14"
3c8f45240a6b1359b360c3b91e62798e234809ae,2021-03-15 08:47:45+01:00,"Merge pull request #529 from belaban/dependabot/maven/org.apache.logging.log4j-log4j-api-2.14.1

Bump log4j-api from 2.14.0 to 2.14.1"
996cd6c1c53a5f8ba1a4537d449ae6eceef79f6a,2021-04-20 17:24:41+02:00,"Merge pull request #531 from pruivo/t_2545_master

JGRP-2545 Expose online site names"
c138c241900444a5f2768963cd0b64cf4dc9b53c,2021-04-26 08:23:02+02:00,"Merge pull request #533 from belaban/dependabot/maven/org.apache.logging.log4j-log4j-core-2.14.1

Bump log4j-core from 2.14.0 to 2.14.1"
763aa5bd990571592244cc6aa296090ff429195a,2021-04-29 14:10:49+02:00,"Merge pull request #534 from belaban/dependabot/add-v2-config-file

Upgrade to GitHub-native Dependabot"
215b31f4e42b35602bbc3d72753fcc57a73d25a7,2021-05-17 08:52:41+02:00,"Merge pull request #535 from belaban/dependabot/maven/org.jboss.byteman-byteman-bmunit-4.0.15

Bump byteman-bmunit from 4.0.14 to 4.0.15"
f0219737ae4100b91a1fd95360e6d5d7d78adbb0,2021-05-24 10:50:16+02:00,"Merge pull request #536 from belaban/dependabot/maven/org.wildfly.openssl-wildfly-openssl-2.1.4.Final

Bump wildfly-openssl from 2.1.3.Final to 2.1.4.Final"
71f4908ffef75e1039753fb0296ef4a6a5c84095,2021-06-14 08:11:08+02:00,"Merge pull request #537 from belaban/dependabot/maven/org.apache.maven.plugins-maven-dependency-plugin-3.2.0

Bump maven-dependency-plugin from 3.1.2 to 3.2.0"
59e5ba24ee13f84ed080a247d3429039c5c23f76,2021-06-21 08:38:08+02:00,"Merge pull request #538 from belaban/dependabot/maven/org.jboss.byteman-byteman-bmunit-4.0.16

Bump byteman-bmunit from 4.0.15 to 4.0.16"
0df6b9489749ed0f36c819a47826ee380323942b,2021-06-21 08:38:21+02:00,"Merge pull request #539 from belaban/dependabot/maven/org.slf4j-slf4j-api-1.7.31

Bump slf4j-api from 1.7.30 to 1.7.31"
ae3a91417b6cfb9e7e66c39b75924ae29c6efcad,2021-08-02 08:22:11+02:00,"Merge pull request #543 from belaban/dependabot/maven/org.apache.maven.plugins-maven-enforcer-plugin-3.0.0

Bump maven-enforcer-plugin from 3.0.0-M3 to 3.0.0"
420ef736fc35ce5f0c76113802d4337ed3c413f5,2021-09-06 09:23:36+02:00,"Merge pull request #548 from belaban/dependabot/maven/org.jboss.byteman-byteman-bmunit-4.0.17

Bump byteman-bmunit from 4.0.16 to 4.0.17"
fca37fcc5a17f62eaedfdafcb19d263c738295c2,2021-09-14 11:23:23+02:00,"Merge pull request #555 from pruivo/t_2568_5x_gossip_router_msgs

[5.x] JGRP-2568 Log membership changes in GossipRouter"
53d0164866a95c9b4ca6274d5c18bc10b4119597,2021-09-15 16:01:02+02:00,"Merge pull request #553 from tristantarrant/JGRP-2487-5.x

[5.x] JGRP-2487 TLS Transport"
ac912724cde44695b987d78cac5870702bf94e20,2021-09-17 15:05:54+02:00,"Merge pull request #557 from pruivo/t_2570_site_unreachable_discarded_5x

JGRP-2570 SITE_UNREACHABLE is discarded on originator"
e5ffd5719f2413af3a6d39c48b1d12def2fca2c9,2021-09-20 09:07:50+02:00,"Merge pull request #558 from belaban/dependabot/maven/org.wildfly.security-wildfly-elytron-1.17.0.Final

Bump wildfly-elytron from 1.16.1.Final to 1.17.0.Final"
13d0b147ad5b6649b0b327ac36cd2c9a208b9e5a,2021-09-21 08:10:09+02:00,"Merge pull request #559 from cjljohnson/fixTPjavadoc

Remove reference to sendMulticast from comments"
891c597a135978d14acd93e60712b00ea30ea1e0,2021-09-27 09:52:38+02:00,"Merge pull request #560 from belaban/dependabot/maven/org.wildfly.security-wildfly-elytron-1.17.1.Final

Bump wildfly-elytron from 1.17.0.Final to 1.17.1.Final"
2e5aa5f75bea2562a495e2ca76dc7d8e987cb6f5,2021-09-28 15:30:48+02:00,"Merge pull request #561 from cjljohnson/master

Add option to write MPerf results to file"
fe06292f835f9c0ae03855b681104ccfe0cbb204,2021-10-04 09:36:36+02:00,"Merge pull request #562 from danberindei/JGRP-BaseBundler_clearMessages

BaseBundler: Clear message lists as they are sent"
16fb1ca6d88c2356fedc05ecb1fe88971818e51b,2021-10-15 10:30:08+02:00,"Merge pull request #563 from belaban/dependabot/maven/org.wildfly.security-wildfly-elytron-1.17.2.Final

Bump wildfly-elytron from 1.17.1.Final to 1.17.2.Final"
4cc3108cabbe2b3d82d994c98c0297f375dabea1,2021-10-29 08:27:53+02:00,"Merge pull request #566 from tristantarrant/JGRP-2578/threadlocalrandom/5.x

JGRP-2578 Use ThreadLocalRandom to generate UUIDs"
6eb79c29b8b0526dadc54e7bc481b0ccaba23e90,2021-11-03 08:12:58+01:00,"Merge pull request #569 from rhusar/ci

[master] Introduce continuous integration testing using GitHub Actions"
b42b666ec8359902df743e27415975743ace3266,2021-11-22 09:30:52+01:00,"Merge pull request #571 from nsawadsky/nsawadsky/JGRP-2531

JGRP-2531 Handle case where finishConnect() returns false even though isConnectable() returned true."
46171235ad3412b6c2785b57f543a5319f63198c,2021-11-29 10:41:52+01:00,"Merge pull request #576 from belaban/dependabot/maven/org.jboss.byteman-byteman-bmunit-4.0.18

Bump byteman-bmunit from 4.0.17 to 4.0.18"
75f25ca8adb5c181bfc92be60c6923929d543db8,2021-11-29 10:42:01+01:00,"Merge pull request #577 from belaban/dependabot/maven/org.wildfly.security-wildfly-elytron-1.18.0.Final

Bump wildfly-elytron from 1.17.2.Final to 1.18.0.Final"
df66fa9b9c97e966bba89dcf76a2b0c91e148c55,2021-12-13 11:42:57+01:00,"Merge pull request #580 from belaban/dependabot/maven/org.apache.logging.log4j-log4j-core-2.15.0

Bump log4j-core from 2.14.1 to 2.15.0"
81aa46736c92218afcb6970dc1b53beaf47fef63,2021-12-13 11:43:11+01:00,"Merge pull request #581 from belaban/dependabot/maven/org.apache.logging.log4j-log4j-api-2.15.0

Bump log4j-api from 2.14.1 to 2.15.0"
e5cd1445d4d7b417a2367eaee205dd3993b5395d,2021-12-13 11:43:23+01:00,"Merge pull request #582 from belaban/dependabot/maven/org.wildfly.security-wildfly-elytron-1.18.1.Final

Bump wildfly-elytron from 1.18.0.Final to 1.18.1.Final"
3411b78909ef5315922c1ace91f636f83afd1796,2021-12-14 21:42:51+01:00,"Merge pull request #583 from belaban/dependabot/maven/org.apache.logging.log4j-log4j-api-2.16.0

Bump log4j-api from 2.15.0 to 2.16.0"
cf00120a357cf7b92aee5ee4dfd0c64d4614c757,2021-12-19 20:43:42+01:00,"Merge pull request #585 from belaban/dependabot/maven/org.apache.logging.log4j-log4j-core-2.17.0

Bump log4j-core from 2.16.0 to 2.17.0"
bc8429fceb5b262dac697dd4b705afaf62c950a9,2021-12-19 20:44:55+01:00,"Merge pull request #584 from belaban/dependabot/maven/org.apache.logging.log4j-log4j-api-2.17.0

Bump log4j-api from 2.16.0 to 2.17.0"
e0b4ddda18027c18105c4cfd621bbf51bb749064,2021-12-27 08:36:38+01:00,"Merge pull request #586 from belaban/dependabot/maven/org.apache.maven.plugins-maven-site-plugin-3.10.0

Bump maven-site-plugin from 3.9.1 to 3.10.0"
5b766ac7ad57cc0d00ab7b5d5b50e8729aa6a151,2022-01-03 09:01:28+01:00,"Merge pull request #588 from belaban/dependabot/maven/log4j2.version-2.17.1

Bump log4j2.version from 2.17.0 to 2.17.1"
bc1490a5e3fcd32b7cfb6c5a1b40512a078e2fb1,2022-01-10 12:07:43+01:00,"Merge pull request #590 from belaban/dependabot/maven/org.codehaus.mojo-build-helper-maven-plugin-3.3.0

Bump build-helper-maven-plugin from 3.2.0 to 3.3.0"
b03eaab79c1bf6f7e262c60c12b57046af2720a9,2022-01-10 12:07:58+01:00,"Merge pull request #591 from belaban/dependabot/maven/org.apache.maven.plugins-maven-jar-plugin-3.2.1

Bump maven-jar-plugin from 3.2.0 to 3.2.1"
c5b8009db86834d384dc13a6eabde8f1d6dbcfb2,2022-01-17 13:22:38+01:00,"Merge pull request #592 from belaban/dependabot/maven/org.apache.maven.plugins-maven-jar-plugin-3.2.2

Bump maven-jar-plugin from 3.2.1 to 3.2.2"
ec34bf837513ff57fd8af1ea1d947f9732000c23,2022-01-17 13:22:56+01:00,"Merge pull request #593 from belaban/dependabot/maven/org.apache.maven.plugins-maven-compiler-plugin-3.9.0

Bump maven-compiler-plugin from 3.8.1 to 3.9.0"
e0430ab65a4b1254a00896b8bf6843ec2cf8ace6,2022-01-17 13:23:07+01:00,"Merge pull request #594 from belaban/dependabot/maven/org.wildfly.security-wildfly-elytron-1.18.2.Final

Bump wildfly-elytron from 1.18.1.Final to 1.18.2.Final"
66fa257628be0e78f50a967c3166d7eb4be3f61f,2022-01-24 08:06:51+01:00,"Merge pull request #595 from belaban/dependabot/maven/org.wildfly.security-wildfly-elytron-1.18.3.Final

Bump wildfly-elytron from 1.18.2.Final to 1.18.3.Final"
cbc2ad6b72f23a16b0d3e4c8830e0b2143b8dba1,2022-02-08 07:47:20+01:00,"Merge pull request #599 from rhusar/diags

Update enable_diagnostics to diag.enabled in property descriptions"
0b2b04defe7bb0d43cd0d49b9a200a7cc55a56a7,2022-02-14 08:50:24+01:00,"Merge pull request #600 from belaban/dependabot/maven/org.sonatype.plugins-nexus-staging-maven-plugin-1.6.10

Bump nexus-staging-maven-plugin from 1.6.8 to 1.6.10"
46120f98aed81980acb903950df204adbec10cb2,2022-02-21 08:26:01+01:00,"Merge pull request #602 from belaban/dependabot/maven/org.apache.maven.plugins-maven-site-plugin-3.11.0

Bump maven-site-plugin from 3.10.0 to 3.11.0"
2149949fbdd1f9259adcd594aa271e2bcff39a0d,2022-02-21 08:26:16+01:00,"Merge pull request #603 from belaban/dependabot/maven/org.apache.maven.plugins-maven-compiler-plugin-3.10.0

Bump maven-compiler-plugin from 3.9.0 to 3.10.0"
5cbc807994289145978ae15fcc3802b05b215b75,2022-02-28 10:03:36+01:00,"Merge pull request #605 from belaban/dependabot/maven/log4j2.version-2.17.2

Bump log4j2.version from 2.17.1 to 2.17.2"
5d570faf3056cb3f92eb1b7d9c58f08ceb6fd456,2022-03-14 08:36:38+01:00,"Merge pull request #608 from belaban/dependabot/maven/org.apache.maven.plugins-maven-dependency-plugin-3.3.0

Bump maven-dependency-plugin from 3.2.0 to 3.3.0"
76c7b8e7c9c56d686a63f31537e7bb85378d2cc0,2022-03-14 08:36:51+01:00,"Merge pull request #609 from belaban/dependabot/maven/org.apache.maven.plugins-maven-compiler-plugin-3.10.1

Bump maven-compiler-plugin from 3.10.0 to 3.10.1"
be222b29a7c6dfaa79000dcff0d1bd4ef028d992,2022-03-21 08:51:56+01:00,"Merge pull request #612 from belaban/dependabot/maven/org.wildfly.security-wildfly-elytron-1.19.0.Final

Bump wildfly-elytron from 1.18.3.Final to 1.19.0.Final"
33ac0ad08dc3c6916b90242ca24f9110e542679b,2022-04-11 08:33:34+02:00,"Merge pull request #615 from belaban/dependabot/maven/org.apache.maven.plugins-maven-clean-plugin-3.2.0

Bump maven-clean-plugin from 3.1.0 to 3.2.0"
fad73ced38ee9cd0e87e1637952535f92ae35e5b,2022-04-25 12:10:04+02:00,"Merge pull request #616 from belaban/dependabot/maven/org.apache.maven.plugins-maven-antrun-plugin-3.1.0

Bump maven-antrun-plugin from 3.0.0 to 3.1.0"
191cbf0b7188dad2faca222a9ed2932bb2c1057e,2022-04-25 12:10:17+02:00,"Merge pull request #617 from belaban/dependabot/maven/org.apache.maven.plugins-maven-site-plugin-3.12.0

Bump maven-site-plugin from 3.11.0 to 3.12.0"
ff2af533d01b0116a9881adb540f98e7c2b39130,2022-04-27 12:47:25+02:00,"Merge pull request #619 from rhusar/ci

CI: Add LTS JDK 17 to the matrix; change skipping tests completely to…"
303bb17254a0d3edddfd7f163316e5e7e9677356,2022-04-28 17:15:01+02:00,"Merge pull request #622 from rhusar/dependabot-gh-actions

Dependabot: Enable for GitHub Actions"
21a7cbf5a255547fb56099c36fd3fcceeef140ee,2022-04-29 06:04:43+02:00,"Merge pull request #621 from pruivo/t_counters_changes

JGRP-2614 Non-blocking API for counters"
0b0bfa5a0692c95132ef6b3c909dfa2f70a250c7,2022-05-31 18:15:18+02:00,"Merge pull request #625 from rhusar/dependabot-fix

Fix and cleanup dependabot.yml"
725dacd8d13264a82e87fbe01a6f7b171ae1d339,2022-06-05 08:09:11+02:00,"Merge pull request #624 from belaban/dependabot/maven/org.jboss.byteman-byteman-bmunit-4.0.19

Bump byteman-bmunit from 4.0.18 to 4.0.19"
53e47ef78e77e9cc63c8d8196738bd68acb1271b,2022-06-13 11:34:19+02:00,"Merge pull request #630 from belaban/dependabot/maven/org.apache.maven.plugins-maven-enforcer-plugin-3.1.0

Bump maven-enforcer-plugin from 3.0.0 to 3.1.0"
c19cc215e66542745c7aaab25a6d9ab52c527d85,2022-06-28 08:28:18+02:00,"Merge pull request #631 from diegolovison/VERIFY_SUSPECT2_Runner

ThreadFactory name for VERIFY_SUSPECT2 must match the class name"
00e3c0b505d63e9528248f8eb45ed0f3f19d055f,2022-06-28 16:30:23+02:00,"Merge pull request #629 from belaban/dependabot/github_actions/actions/setup-java-3

Bump actions/setup-java from 1 to 3"
036900bb18e7a104eb0781a77083e383df521aa7,2022-06-28 16:30:31+02:00,"Merge pull request #627 from belaban/dependabot/github_actions/actions/cache-3

Bump actions/cache from 2 to 3"
b0926c94c1762e64d5ae6fda08f50c3db376b014,2022-06-28 16:30:39+02:00,"Merge pull request #626 from belaban/dependabot/github_actions/actions/checkout-3

Bump actions/checkout from 2 to 3"
639fd85881b50a5866be101665d3b17d248f6d7e,2022-06-29 12:00:27+02:00,"Merge pull request #632 from rhusar/jira

Fix all broken Jira links"
642303022531bdc3360f60b1a177ace2a7c4bb8b,2022-07-04 12:38:20+02:00,"Merge pull request #634 from belaban/dependabot/maven/log4j2.version-2.18.0

Bump log4j2.version from 2.17.2 to 2.18.0"
8ce8393003d35ca1f6b4f647a13430e03b3cbca7,2022-07-06 23:45:39+02:00,"Merge pull request #635 from diegolovison/dparse

Parse Tshark fields"
46f02e6823d3e9d71fddb7a275c695b9d3756be2,2022-07-22 09:49:29+02:00,"Merge pull request #638 from diegolovison/debug_bind

JGRP-2624 Log MulticastSocket network interface"
7b98bb12b51688397982b287aa498abb628df562,2022-07-22 09:55:14+02:00,"Merge pull request #639 from belaban/dependabot/maven/org.apache.maven.plugins-maven-install-plugin-3.0.0

Bump maven-install-plugin from 2.5.2 to 3.0.0"
8127c71ec69e3a833c0272cfa3b238fda9484048,2022-07-22 09:55:33+02:00,"Merge pull request #640 from belaban/dependabot/maven/org.apache.maven.plugins-maven-deploy-plugin-3.0.0

Bump maven-deploy-plugin from 2.8.2 to 3.0.0"
357279055b8ba4e34f66020e1c5bbe750ef3f48f,2022-07-22 12:29:59+02:00,"Merge pull request #637 from diegolovison/packet

Parse Packet Dissection"
4074b50ac4e112fb108a1f8500f905a7511f5b89,2022-07-25 11:20:18+02:00,"Merge pull request #642 from belaban/dependabot/maven/org.apache.maven.plugins-maven-install-plugin-3.0.1

Bump maven-install-plugin from 3.0.0 to 3.0.1"
535ea6d30e3cfc3349b813da880e60fd2085c41c,2022-07-25 16:15:53+02:00,"Merge pull request #643 from jfgonca/JGRP-2626_fix_AUTH_protocol_when_using_x509token

JGRP-2626 Fix X509Token Initialization"
b656565e827c56d3ea64c32b43ab9fe9582a9a9a,2022-07-26 11:28:59+02:00,"Merge pull request #644 from belaban/dependabot/maven/org.apache.maven.plugins-maven-resources-plugin-3.3.0

Bump maven-resources-plugin from 3.2.0 to 3.3.0"
4b4ad173fba8d8941ea2b78ae3d9cfc107158a1b,2022-07-29 12:18:09+02:00,"Merge pull request #648 from belaban/dependabot/maven/org.wildfly.security-wildfly-elytron-1.20.0.Final

Bump wildfly-elytron from 1.19.0.Final to 1.20.0.Final"
c809465c3c852724dfce1ba7bdcfd11e631e5679,2022-08-01 15:47:08+02:00,"Merge pull request #651 from rhusar/ci-jdk19

CI: Add JDK 19 Early-Access to the matrix."
cc98884723d994b356bb13487e198c823a8a93d7,2022-08-02 10:33:48+02:00,"Merge pull request #649 from pruivo/t_counter_update_function

JGRP-2630 Create update function for counters"
fcd6bf924229f9781f830216758131e2baf2bf1f,2022-08-19 12:37:51+02:00,"Merge pull request #655 from tristantarrant/JGRP-2637/sslhandshakeexception

JGRP-2637 Quiet SSLHandshakeExceptions caused by closed sockets"
d9ede766c90f3c444bc8c3792b8ad778741d345a,2022-08-22 15:19:37+02:00,"Merge pull request #656 from belaban/dependabot/maven/org.slf4j-slf4j-api-2.0.0

Bump slf4j-api from 1.7.31 to 2.0.0"
1d516b38e323d49967d0351ff711e2978b2b468d,2022-09-09 14:24:35+02:00,"Merge pull request #657 from tristantarrant/JGRP-2638/gossip_tls

JGRP-2638 Improve GossipRouter TLS support"
dd24c5866c0440ccba9b9047f5c366c12872793c,2022-09-15 13:57:28+02:00,"Merge pull request #662 from belaban/dependabot/maven/org.slf4j-slf4j-api-2.0.1

Bump slf4j-api from 2.0.0 to 2.0.1"
405ed7869ab89bda9af1f4d9305cda099f392047,2022-09-16 12:30:50+02:00,"Merge pull request #663 from belaban/dependabot/maven/org.apache.maven.plugins-maven-jar-plugin-3.3.0

Bump maven-jar-plugin from 3.2.2 to 3.3.0"
23ac460bbb1b0b6b9ce98cf1dbe771383089a6cd,2022-09-16 12:34:04+02:00,"Merge pull request #661 from belaban/dependabot/maven/org.wildfly.security-wildfly-elytron-2.0.0.Final

Bump wildfly-elytron from 1.20.0.Final to 2.0.0.Final"
523a0c570fab3b9ce418ab7b987ecd5419eff1db,2022-09-19 14:19:54+02:00,"Merge pull request #664 from belaban/dependabot/maven/log4j2.version-2.19.0

Bump log4j2.version from 2.18.0 to 2.19.0"
a264f2a2064e2301b848ad985774f30cabe17fb1,2022-09-21 11:25:24+02:00,"Merge pull request #665 from belaban/dependabot/maven/org.slf4j-slf4j-api-2.0.2

Bump slf4j-api from 2.0.1 to 2.0.2"
f52e7423b9867d4234ae55cfef9682b429df426c,2022-09-29 12:39:58+02:00,"Merge pull request #667 from belaban/dependabot/maven/org.slf4j-slf4j-api-2.0.3

Bump slf4j-api from 2.0.2 to 2.0.3"
b29212eb47071c46bb368dec31c6f38cb5123426,2022-10-06 13:52:30+02:00,"Merge pull request #668 from belaban/dependabot/maven/org.slf4j-slf4j-api-2.0.3

Bump slf4j-api from 2.0.2 to 2.0.3"
8073b4320d0cc240fd79a80f2467af2c03103425,2022-10-17 12:49:45+02:00,"Merge pull request #672 from rhusar/JGRP-2647

Test case for JGRP-2647."
1af33510af8868a63b268d620efe300e0b00d2e5,2022-10-17 12:54:55+02:00,"Merge pull request #671 from rhusar/ci-jdk19

CI: Update JDK matrix such as: all supported LTS JDKs, the latest GA …"
9419e0b7262cb7720e1f4962f63c20f7cdc5744e,2022-10-28 15:45:05+02:00,"Merge pull request #673 from pferraro/master

JGRP-2648 FD_SOCK2 ignores any configured socket and thread factories"
1d510de79a1deac2d35d5ddc9df23c02c4f3cab8,2022-10-29 08:56:47+02:00,"Merge pull request #675 from bmccutchon/patch-1

Remove semicolon from if statement"
b9534a4749ec4af82f3d55d0bd77b127e88cb9a1,2022-10-31 10:19:45+01:00,"Merge pull request #674 from pferraro/master

JGRP-2649 Add configuration property to FD_SOCK2 to configure SO_LINGER of client sockets"
f46686f22b3c417e8dbe2e458258936b6715f94c,2022-11-01 15:06:00+01:00,"Merge pull request #653 from belaban/dependabot/maven/org.apache.maven.plugins-maven-help-plugin-3.3.0

Bump maven-help-plugin from 3.2.0 to 3.3.0"
abc212315538aee9f488eaa50bdd443357fb74ec,2022-11-01 15:06:17+01:00,"Merge pull request #652 from belaban/dependabot/maven/org.apache.maven.plugins-maven-site-plugin-3.12.1

Bump maven-site-plugin from 3.12.0 to 3.12.1"
2270b78b67cad62020537077156178f7e5fc26d2,2022-11-10 13:44:48+01:00,"Merge pull request #681 from rhusar/byteman-scope

Fix byteman-bmunit to be test dependency."
3a7a0732a660410fdecc1107773f10fa85dc9705,2022-11-14 20:28:39+01:00,"Merge pull request #683 from pruivo/t_2658

JGRP-2658 Move CompletableFutures from jgroups-raft to JGroups"
b2d05495b3ad0485cc55d7622ba884370fd99054,2022-11-18 10:03:13+01:00,"Merge pull request #684 from belaban/dependabot/maven/org.apache.maven.plugins-maven-install-plugin-3.1.0

Bump maven-install-plugin from 3.0.1 to 3.1.0"
e938a4a2929f157b1d91af884a9f95def952f44c,2022-11-23 07:56:35+01:00,"Merge pull request #685 from pruivo/t_2662

JGRP-2662 COUNTER: create num_backups setter"
1ac3795d07585d5fe1273e928700e2a3531718a3,2022-11-23 12:34:05+01:00,"Merge pull request #686 from pruivo/t_2663

JGRP-2663 Merge counter's API from jgroups-raft into jgroups"
61a4c645865a066174084453db1c89cf66947d7a,2022-11-30 10:25:09+01:00,"Merge pull request #690 from belaban/dependabot/maven/org.apache.maven.plugins-maven-dependency-plugin-3.4.0

Bump maven-dependency-plugin from 3.3.0 to 3.4.0"
d3d7285bcde7db66952cac9dfbc5a14613b21407,2023-01-12 10:06:13+01:00,"Merge pull request #693 from belaban/dependabot/maven/org.apache.maven.plugins-maven-dependency-plugin-3.5.0

Bump maven-dependency-plugin from 3.4.0 to 3.5.0"
0085bac346969fb3025ea6e975d141722a8688e8,2023-02-09 12:17:07+01:00,"Merge pull request #696 from belaban/dependabot/maven/org.apache.maven.plugins-maven-deploy-plugin-3.1.0

Bump maven-deploy-plugin from 3.0.0 to 3.1.0"
c120d998efa493de17c2d0ac842634acd23cf046,2023-02-21 11:10:09+01:00,"Merge pull request #698 from belaban/dependabot/maven/log4j2.version-2.20.0

Bump log4j2.version from 2.19.0 to 2.20.0"
0ea6e57ddaa64fd11e3df5edfdf88a0650667abe,2023-02-22 11:12:54+01:00,"Merge pull request #699 from belaban/dependabot/maven/org.wildfly.security-wildfly-elytron-2.1.0.Final

Bump wildfly-elytron from 2.0.0.Final to 2.1.0.Final"
0e009efc9cf414b8e48c4d8f63ce1130d22f6268,2023-03-24 11:31:01+01:00,"Merge pull request #707 from belaban/dependabot/maven/org.apache.maven.plugins-maven-deploy-plugin-3.1.1

Bump maven-deploy-plugin from 3.1.0 to 3.1.1"
183e649494ef22b4e978e643267f17157333686c,2023-03-24 11:31:19+01:00,"Merge pull request #708 from belaban/dependabot/maven/org.apache.maven.plugins-maven-install-plugin-3.1.1

Bump maven-install-plugin from 3.1.0 to 3.1.1"
dd8ab0275ff380252f1aee30f706fb87cd4684e9,2023-03-24 11:31:35+01:00,"Merge pull request #709 from belaban/dependabot/maven/org.apache.maven.plugins-maven-resources-plugin-3.3.1

Bump maven-resources-plugin from 3.3.0 to 3.3.1"
11a3cf0065aa410b37f1b19369ad73f8779870a5,2023-03-24 11:36:36+01:00,"Merge pull request #704 from belaban/dependabot/maven/org.apache.maven.plugins-maven-help-plugin-3.4.0

Bump maven-help-plugin from 3.3.0 to 3.4.0"
8e0fcdadfaccfbe4aaef46dd5c0b62597fb13951,2023-03-24 11:37:05+01:00,"Merge pull request #705 from belaban/dependabot/maven/org.apache.maven.plugins-maven-release-plugin-3.0.0

Bump maven-release-plugin from 2.5.3 to 3.0.0"
ec126ff4cca23faae77f62955470b6ae6feb391a,2023-03-28 09:17:50+02:00,"Merge pull request #703 from belaban/dependabot/maven/org.apache.maven.plugins-maven-failsafe-plugin-3.0.0

Bump maven-failsafe-plugin from 2.22.2 to 3.0.0"
e8dd44c0d9110d4776719b65eb6b3b5e1382c694,2023-04-05 12:42:12+02:00,"Merge pull request #710 from belaban/dependabot/maven/org.apache.maven.plugins-maven-enforcer-plugin-3.3.0

Bump maven-enforcer-plugin from 3.1.0 to 3.3.0"
86838c53b8cd84ab53295ab34e692b429cb6dc59,2023-04-27 17:29:43+02:00,"Merge pull request #712 from belaban/expose_byte_array_input

Expose byte[] for ByteArrayDataInputStream"
53c6ba0d7b8387f280d7ede95481c6fe9b537279,2023-04-28 16:17:13+02:00,"Merge pull request #714 from rhusar/ci-jdk20

CI: JDK 20 is now GA"
c8bd1fe68ac1e485a654e45039213fe9bd60e336,2023-04-29 14:35:10+02:00,"Merge pull request #715 from pferraro/master

JGRP-2691 Expose public methods to DNS_PING for configuring DNSResolver"
76a581765feb7a7b994c4cb85b71c0d02889b703,2023-05-08 13:09:51+02:00,"Merge pull request #716 from belaban/dependabot/maven/org.apache.maven.plugins-maven-failsafe-plugin-3.1.0

Bump maven-failsafe-plugin from 3.0.0 to 3.1.0"
cdec0cf8eb08a6d116c8f2f9f2134411ff617f30,2023-05-12 12:03:07+02:00,"Merge pull request #717 from belaban/dependabot/maven/org.codehaus.mojo-build-helper-maven-plugin-3.4.0

Bump build-helper-maven-plugin from 3.3.0 to 3.4.0"
b353b719b60f9d94cb1303e3005ff943050c7692,2023-05-30 13:41:16+02:00,"Merge pull request #720 from belaban/dependabot/maven/org.wildfly.security-wildfly-elytron-2.2.0.Final

Bump wildfly-elytron from 2.1.0.Final to 2.2.0.Final"
2febab04cfc0873f9f307dc3dceb5cea713509a9,2023-05-30 13:48:21+02:00,"Merge pull request #719 from belaban/dependabot/maven/org.apache.maven.plugins-maven-dependency-plugin-3.6.0

Bump maven-dependency-plugin from 3.5.0 to 3.6.0"
775058edcb98b00abc90bcd3e5bf53178eaa0317,2023-05-30 16:55:38+02:00,"Merge pull request #721 from TheGoesen/master

do not default to very old protocols, let the jvm pick a secure value"
8943deca0269247cf7ae73b58c29c648a108486d,2023-06-05 11:58:53+02:00,"Merge pull request #722 from belaban/dependabot/maven/org.apache.maven.plugins-maven-release-plugin-3.0.1

Bump maven-release-plugin from 3.0.0 to 3.0.1"
1f13edd4998c4cf240663a641209c838373007c0,2023-06-15 13:31:43+02:00,"Merge pull request #724 from belaban/dependabot/maven/org.wildfly.security-wildfly-elytron-2.2.1.Final

Bump wildfly-elytron from 2.2.0.Final to 2.2.1.Final"
ddc044c408dd8c35850937ea66018bc4a40f8155,2023-06-20 11:38:40+02:00,"Merge pull request #726 from belaban/dependabot/maven/org.apache.maven.plugins-maven-clean-plugin-3.3.1

Bump maven-clean-plugin from 3.2.0 to 3.3.1"
6e54fdb3f013e23f89b6bec3447cd192edbd6e0c,2023-06-21 17:44:28+02:00,"Merge pull request #727 from rhusar/ci-jdk21ea

CI: JDK 21-EA is now available."
955247b71a3a35357ded47f5d24616773bc68082,2023-06-28 21:34:18+01:00,JGRP-2711 Relayer#getSiteNames isn't returning all the sites available
011522146019b5e2ad79e01ad7431f409ebdada5,2023-06-29 00:08:55+02:00,"Merge pull request #728 from pruivo/t_fix_trace_format

Fix trace format in Relayer class"
e77f8e5e0ef75feaa3a4be5ef5855ffabd902260,2023-06-29 06:25:17+02:00,"Merge pull request #729 from pruivo/t_relayer_sites

JGRP-2711 Relayer#getSiteNames isn't returning all the sites available"
51c7987b7d45d50902e5e008f6776710d4fdda7a,2023-08-16 09:07:19+02:00,"Merge pull request #733 from ryanemerson/make_byteman_optional

Mark byteman dependency as Optional"
70c236a7348497c9c61b8861ad931f11da0e830c,2023-08-23 13:42:14+02:00,"Merge pull request #734 from belaban/dependabot/maven/org.apache.maven.plugins-maven-enforcer-plugin-3.4.0

Bump org.apache.maven.plugins:maven-enforcer-plugin from 3.3.0 to 3.4.0"
f4862f279acef161a98d81c81b723a7e45d54aa9,2023-08-25 12:00:00+02:00,"Merge pull request #736 from belaban/dependabot/maven/org.wildfly.security-wildfly-elytron-2.2.2.Final

Bump org.wildfly.security:wildfly-elytron from 2.2.1.Final to 2.2.2.Final"
290de6e1be6133758a2d14b769e794b2bf482a3b,2023-09-07 10:16:32+02:00,"Merge pull request #738 from belaban/dependabot/github_actions/actions/checkout-4

Bump actions/checkout from 3 to 4"
